attack_id,date,year,month,hour,country,area,location,activity,fatal,attack_latitude,attack_longitude,noaa_latitude,noaa_longitude,sea_surface_temp,wind_speed,wave_height,wave_period,swell_height,swell_period,distance_km
154,2012-04-19,2012.0,4.0,19.0,USA,Florida,"Indialantic, Brevard County",Surfing,0.0,28.0894482,-80.5660328,28.4,-80.5,23.3,,1.0,4.0,,,35.13241185633788
360,2014-03-18,2014.0,3.0,,AUSTRALIA,Victoria,Winkipop Beach,Surfing,0.0,-38.36808,144.28495,-38.3,144.8,18.8,,,,,,45.55715835588252
524,2015-06-27,2015.0,6.0,16.0,USA,North Carolina,"Rodanthe, Dare County",Swimming,0.0,35.594871,-75.467858,35.8,-75.55,26.5,11.3,,,,,23.985144936980863
635,2016-04-19,2016.0,4.0,12.0,AUSTRALIA,New South Wales,"First Sun Beach, Byron Bay",Swimming,0.0,-28.649318443,153.616858651,-29.5,153.7,28.0,7.7,0.5,5.0,2.5,9.0,94.93607287573742
108,2011-11-12,2011.0,11.0,,BRAZIL,Pernambuco,"Punta Del Chifre Beach, Olinda",Surfing,0.0,-8.0248,-34.8574,-8.7,-34.7,,7.7,,,2.0,14.0,77.04990035015147
209,2012-09-09,2012.0,9.0,14.0,USA,Florida,"New Smyrna Beach, Volusia County",Surfing,0.0,29.029722,-80.9237495,28.42,-80.59,28.2,9.8,,,,,75.2043515779445
311,2013-08-31,2013.0,8.0,23.0,USA,California,"Butterfly Beach, Montecito, Santa Barbara County",Swimming,0.0,34.41762,-119.6492,34.41,-119.69,,,,,,,3.837435630004993
589,2015-11-10,2015.0,11.0,18.0,AUSTRALIA,New South Wales,East Ballina,Surfing,0.0,-28.861975125,153.585770216,-29.2,153.6,,4.1,,,,,37.612162774566976
685,2016-08-06,2016.0,8.0,16.0,USA,Hawaii,Maui,SUP Foil boarding,0.0,20.77024,-156.26816,20.9,-156.47,27.0,5.1,,,,,25.45934424234396
694,2016-09-05,2016.0,9.0,,AUSTRALIA,Western Australia,Injidup,Surfing,0.0,-31.693971366175,115.728988140668,-31.8,115.6,15.1,7.2,0.5,4.0,,,16.963621671755735
702,2016-09-17,2016.0,9.0,,USA,California,"Bunkers, Humboldt Bay, Eureka, Humboldt County",Surfing,0.0,40.741892,-124.210936,40.77,-124.22,14.2,4.1,,,,,3.2173664085693545
713,2016-10-15,2016.0,10.0,18.0,AUSTRALIA,Queensland,"Kings Beach, Caloundra",Surfing,0.0,-26.80074,153.14466,-26.68,153.12,17.5,,,,,,13.647198932369262
285,2013-06-25,2013.0,6.0,12.0,USA,South Carolina,"Kiawah Island, Charleston County",Swimming,0.0,32.597707,-80.12948,32.69,-79.89,,7.2,,,,,24.659594923927646
351,2014-01-01,2014.0,1.0,,NEW ZEALAND,Unknown,Stewart Island,Filming a documentary,0.0,-46.898518146,168.124291069,-46.6,167.9,14.0,10.3,1.0,2.0,2.0,5.0,37.33426737961795
33,2011-05-13,2011.0,5.0,6.0,USA,Florida,"Ormond Beach, Volusia County",Surfing,0.0,29.2774764,-81.0417589,29.66,-81.22,,1.0,,,,,45.901530978728566
232,2012-12-05,2012.0,12.0,13.0,USA,Hawaii,Kauai,Surfing,0.0,22.04942,-159.53099,21.95,-159.36,26.2,,,,,,20.808372416024984
270,2013-05-04,2013.0,5.0,11.0,USA,Florida,"Melbourne Beach, Brevard County",Surfing,0.0,28.068399,-80.558423,27.86,-80.45,25.0,2.6,,,,,25.50244399392663
421,2014-08-27,2014.0,8.0,,SPAIN,Alicante,Benidorm,Swimming,0.0,38.5369002,-0.1291231,38.7,0.4,25.0,12.3,,,,,49.417691011742065
576,2015-10-13,2015.0,10.0,11.0,USA,California,"Off Leffingwell Landing, San Luis Obispo County",Fishing,0.0,35.5808,-121.11908,35.2,-120.9,17.8,,1.5,10.0,1.5,11.0,46.768889353771506
756,2017-04-10,2017.0,4.0,17.0,USA,Florida,"Melbourne Beach, Brevard County",Swimming,0.0,28.068399,-80.558423,28.2,-80.4,23.5,6.7,,,,,21.341403593208742
332,2013-10-24,2013.0,10.0,18.0,AUSTRALIA,New South Wales,South Narrabeen Beach,Surfing,0.0,-33.7228902,151.2990401,-33.7,151.6,20.0,9.8,2.0,2.0,2.0,2.0,27.953964671493683
365,2014-03-29,2014.0,3.0,13.0,AUSTRALIA,Western Australia,Off Dawesville Cut,Diving for lobsters,,-32.631482007,115.633989099,-32.6,115.4,21.6,10.3,,,,,22.19326668334425
386,2014-06-01,2014.0,6.0,13.0,USA,Florida,Fort Lauderdale,Swimming,0.0,26.1241631,-80.1435862,26.09,-80.11,,4.1,,,,,5.067268526424567
388,2014-06-08,2014.0,6.0,,JAPAN,Atsumi peninsula,Aichi,Surfing,0.0,34.65919,137.24155,34.1,138.0,,,,,,,93.3317090612004
592,2015-11-16,2015.0,11.0,,USA,Florida,"Playalinda Beach, Brevard County",Surfing,0.0,28.7021316,-80.6671512,28.42,-80.59,25.6,3.6,,,,,32.26382554538031
753,2017-04-05,2017.0,4.0,13.0,USA,Florida,"New Smyrna Beach, Volusia County",Swimming,0.0,29.029722,-80.9237495,28.42,-80.59,24.4,3.6,,,,,75.2043515779445
780,2017-06-07,2017.0,6.0,,UNITED KINGDOM,South Devon,Bantham Beach,Surfing,0.0,50.2783,-3.8786,50.3,-4.2,,,,,,,22.9606792328591
106,2011-10-29,2011.0,10.0,,USA,California,"Marina State Beach, Monterey County",Surfing,0.0,36.6827412,-121.8137843,36.61,-121.89,12.8,,,,,,10.566848974065234
164,2012-06-02,2012.0,6.0,19.0,USA,South Carolina,"Myrtle Beach, Horry County",Boogie Boarding,0.0,33.68785,-78.883852,33.66,-78.92,,4.1,,,,,4.558436898434041
609,2016-01-25,2016.0,1.0,11.0,USA,Hawaii,"Hanalei Bay, Kauai,",Surfing,0.0,22.20889,-159.50709,22.3,-159.6,25.2,,2.0,9.0,4.0,15.0,13.930566786039204
610,2016-01-28,2016.0,1.0,14.0,USA,Hawaii,"Hanalei Bay, Kauai",Surfing,0.0,22.20889,-159.50709,22.3,-159.6,25.4,,2.0,10.0,5.5,17.0,13.930566786039204
626,2016-03-28,2016.0,3.0,,USA,Florida,"Fort Myers Beach, Lee County",Unknown,,26.452409,-81.953765,26.4,-81.88,,4.1,,,,,9.376228086143543
23,2011-03-29,2011.0,3.0,,USA,Texas,Matagorda Beach,"Standing, holding shark pup",0.0,28.6045189,-95.9676298,28.67,-95.68,21.3,,,,,,28.99953412741438
218,2012-10-18,2012.0,10.0,7.0,USA,Hawaii,"Kanaha Beach, Maui",Paddle boarding,0.0,20.8970291,-156.4605383,20.9,-156.47,25.6,6.2,,,,,1.0369119783076484
733,2017-01-13,2017.0,1.0,,USA,Florida,Jensen Beach,Unknown,0.0,27.2444691,-80.2252736,27.6,-80.2,23.3,,1.0,8.0,0.5,14.0,39.61191726647019
776,2017-05-28,2017.0,5.0,,USA,Florida,Off Jupiter,Feeding sharks,0.0,26.9341448,-80.0997362,26.61,-80.03,28.5,,,,,,36.702174295073306
51,2011-06-24,2011.0,6.0,13.0,USA,California,"San Onofre State Beach, San Diego County",Surfing,0.0,33.3316612,-117.5039968,33.2,-117.5,18.7,,0.5,10.0,1.0,18.0,14.64479570529082
147,2012-03-20,2012.0,3.0,17.0,AUSTRALIA,Queensland,Nobby's Beach,Surfing,0.0,-28.0607735,153.4413733,-28.0,153.9,27.1,10.8,,,,,45.51939456601239
538,2015-07-25,2015.0,7.0,10.0,AUSTRALIA,Tasmania,"Lachan Island, Mercury Passage",Scallop diving on hookah,1.0,-42.67472,147.9775,-42.9,147.3,,7.2,,,,,60.69663356397726
550,2015-08-22,2015.0,8.0,19.0,USA,Florida,"Cocoa Beach, Brevard  County",Unknown,,28.320224,-80.608867,28.42,-80.59,28.8,1.5,,,,,11.247121209982557
63,2011-07-22,2011.0,7.0,10.0,SOUTH AFRICA,Eastern Cape Province,"Cintza Beach, East London",Surfing,0.0,-33.01529,27.91162,-32.9,28.1,20.6,7.7,1.5,4.0,,,21.754537797961856
418,2014-08-25,2014.0,8.0,,USA,Florida,Apalachicola Bay,Fishing for sharks,0.0,29.67299,-84.96185,29.72,-84.98,30.8,5.7,,,,,5.513431134126067
476,2015-02-05,2015.0,2.0,,AUSTRALIA,New South Wales,Mereweather Beach,Bodysurfing,0.0,-32.947968,151.756403,-33.2,151.7,25.0,10.3,2.0,5.0,3.0,7.0,28.51324930308684
44,2011-06-06,2011.0,6.0,,USA,California,"La Jolla, San Diego County",Spearfishing,0.0,32.8419914,-117.2730168,32.87,-117.26,17.3,1.5,,,,,3.3433446309201016
85,2011-09-11,2011.0,9.0,12.0,USA,California,"Samoa Beach, Humboldt County",Surfing,0.0,40.8062561,-124.1990911,40.77,-124.22,13.1,,,,,,4.399052837764842
259,2013-04-01,2012.0,4.0,,USA,Florida,"Sanibel Island, Lee County",Unknown,0.0,26.44368,-82.10735,26.4,-81.88,,4.6,,,,,23.154629757637796
317,2013-09-08,2013.0,9.0,,USA,South Carolina,"St. Helena Island, Beaufort County",Unknown,,32.427134,-80.469145,32.56,-80.45,,0.5,,,,,14.882760368360353
555,2015-09-04,2015.0,9.0,11.0,AUSTRALIA,New South Wales,Hallidays Point,Surf-skiing,0.0,-32.073369849,152.49274312,-32.1,152.9,20.0,7.7,2.5,8.0,2.5,7.0,38.48155714616161
650,2016-06-02,2016.0,6.0,,NEW CALEDONIA,Unknown,"Côte-Blanche, Nouméa",Kite surfing,0.0,-22.2628044,166.4446442,-22.63,167.06,24.7,,,,,,75.27584807416896
93,2011-09-28,2011.0,9.0,,DOMINICAN REPUBLIC,Samaná Province,Playa Jackson,Fishing,0.0,19.27228,-69.69389,19.7,-68.9,29.0,10.3,1.0,1.0,1.0,1.0,95.85178527667577
176,2012-06-22,2012.0,6.0,,AUSTRALIA,Tasmania,South Cape Bay,Surfing,0.0,-43.63,146.78999,-43.35,147.63,13.7,,,,,,74.5745398958953
235,2012-12-28,2012.0,12.0,10.0,AUSTRALIA,New South Wales,"Kylie's Beach, Diamond Head",Paddle boarding,0.0,-31.718949063,152.794486937,-31.7,153.1,25.0,13.9,5.0,4.0,5.0,5.0,28.977122491472176
299,2013-07-30,2013.0,7.0,,USA,South Carolina,"Isle of Palms, Charleston County",Swimming,0.0,32.7884238,-79.7877544,32.78,-79.93,29.0,2.1,,,,,13.330562396145925
370,2014-04-15,2014.0,4.0,9.0,USA,Florida,"New Smyrna Beach, Volusia County",Wading,0.0,29.029722,-80.9237495,28.42,-80.59,24.5,4.1,,,,,75.2043515779445
415,2014-08-12,2014.0,8.0,11.0,USA,Florida,"3 to 4 miles west of Indian Pass, Gulf County",Standing,0.0,29.688176,-85.264559,29.72,-84.98,30.6,1.0,,,,,27.710610628134873
443,2014-10-14,2014.0,10.0,,USA,South Carolina,"Hilton Head Island, Beaufort County",Standing in inner tube,0.0,32.215401,-80.747563,32.04,-80.9,,5.1,,,,,24.216706053082053
25,2011-04-13,2011.0,4.0,,INDONESIA,Bali,Balian,Surfing,0.0,-8.5037,114.9708,-8.9,115.7,,2.1,,,,,91.4651769808557
111,2011-11-28,2011.0,11.0,,AUSTRALIA,Queensland,Peregian,Swimming,0.0,-27.181553443513,152.942119442365,-27.4,153.2,26.8,8.2,,,,,35.20523127475675
333,2013-10-26,2013.0,10.0,10.0,AUSTRALIA,Western Australia,"Little Island, near Hillarys",Diving for crayfish,0.0,-31.807368069,115.745418335,-32.0,115.7,19.4,,,,,,21.844595599525228
403,2014-07-16,2014.0,7.0,17.0,USA,Hawaii,"Paia Bay, Maui",Swimming,0.0,20.91697,-156.38332,20.9,-156.47,26.8,9.8,,,,,9.199328818621598
503,2015-05-29,2015.0,5.0,15.0,USA,Florida,"Cocoa Beach, Brevard  County",Standing,0.0,28.320224,-80.608867,28.42,-80.59,27.7,4.6,,,,,11.247121209982557
757,2017-04-11,2017.0,4.0,16.0,USA,Florida,"Ormond Beach, Volusia County",Surfing,0.0,29.2774764,-81.0417589,29.66,-81.22,,2.6,,,,,45.901530978728566
43,2011-06-06,2011.0,6.0,12.0,USA,Florida,"New Smyrna Beach, Volusia County",Wading,0.0,29.029722,-80.9237495,28.42,-80.59,27.9,2.4,,,,,75.2043515779445
179,2012-06-26,2012.0,6.0,19.0,USA,Florida,"Juno Beach, Palm Beach County",Swimming,0.0,26.883875,-80.059723,26.61,-80.03,27.4,10.3,,,,,30.596242807807837
195,2012-08-08,2012.0,8.0,16.0,USA,Florida,Key Largo,Free diving,0.0,25.130026,-80.405962,25.18,-80.44,31.2,,,,,,6.528060540751508
197,2012-08-15,2012.0,8.0,,USA,Alabama,"Gulf Shores, Baldwin County",Wading or swimming,0.0,30.272469,-87.68743,30.28,-87.56,,1.0,,,,,12.265545846864958
278,2013-06-06,2013.0,6.0,,USA,Florida,"Off Snipe Point, Florida Keys, Monroe County",Fishing for sharks,0.0,25.102198176345,-80.435459810221,25.09,-80.52,27.0,,,,,,8.620408332963917
315,2013-09-07,2013.0,9.0,16.0,USA,Florida,"New Smyrna Beach,  Volusia County",Surfing,0.0,29.029722,-80.9237495,28.42,-80.59,29.3,1.5,,,,,75.2043515779445
329,2013-10-19,2013.0,10.0,,USA,Florida,Miami Beach,Wading,0.0,25.7922359,-80.134852,25.73,-80.16,27.7,3.6,,,,,7.364329915651431
452,2014-11-13,2014.0,11.0,13.0,USA,Hawaii,"Airplane Beach, Lahina, West Maui",Snorkeling,0.0,20.86774,-156.61706,20.9,-156.47,26.7,1.5,,,,,15.693547327750585
507,2015-06-07,2015.0,6.0,10.0,USA,Florida,"Lori Wilson Park, Cocoa Beach, Brevard  County",Playing,0.0,28.3418745,-80.6069311,28.42,-80.59,28.6,1.0,,,,,8.843672490557694
741,2017-02-17,2017.0,2.0,10.0,AUSTRALIA,Queensland,Eva Rock,Spearfishing,0.0,-26.73731,153.05237,-27.2,153.2,29.0,8.7,,,,,53.48866888351278
357,2014-02-20,2014.0,2.0,16.0,FRENCH POLYNESIA,Society Islands,Huahine,Kitesurfing,0.0,-17.17568,-150.38631,-17.1,-150.3,29.0,7.2,,,,,12.446916930264425
495,2015-05-02,2015.0,5.0,13.0,SOUTH AFRICA,Eastern Cape Province,Port St. John's,Diving,0.0,-31.62291,29.54477,-32.1,29.4,18.8,3.6,3.0,2.0,3.0,2.0,54.78355005661364
574,2015-10-09,2015.0,10.0,10.0,USA,Hawaii,"Leftovers, Oahu",Surfing,0.0,21.439542579,-157.94363193,21.43,-157.79,26.2,,,,,,15.936913125220954
717,2016-10-30,2016.0,10.0,,USA,Florida,"Mayport Naval Station Beach, Duval County",Surfing,0.0,30.378533,-81.410167,30.4,-81.43,23.6,3.6,,,,,3.052340214905915
795,2017-07-14,2017.0,7.0,11.0,AUSTRALIA,Western Australia,Floreat Beach,Surfing,0.0,-31.929,115.7549,-31.9,114.9,19.2,11.3,,,,,80.755317625785
387,2014-06-07,2014.0,6.0,,USA,Texas,"West Beach, Galveston",Kneeling in the water,0.0,29.2001,-94.9418,29.3,-94.9,29.4,4.1,,,,,11.825479150992988
413,2014-08-09,2014.0,8.0,13.0,USA,Florida,"Lori Wilson Park, Cocoa Beach, Brevard  County",Swimming,0.0,28.3418745,-80.6069311,28.4,-80.6,31.0,7.2,1.0,2.0,1.0,2.0,6.498748873425472
666,2016-07-07,2016.0,7.0,,USA,California,"Off Palos Verdes peninsula, Los Angeles County",Fishing,0.0,33.76634,-118.380869,33.72,-118.27,20.0,,,,,,11.473413641724928
98,2011-10-09,2011.0,10.0,8.0,AUSTRALIA,Western Australia,Cottesloe Beach,Swimming,1.0,-31.9939,115.751,-32.0,115.7,19.2,9.3,,,,,4.856993974757106
391,2014-06-09,2014.0,6.0,17.0,USA,Delaware,"Cape Henlopen State Park, Sussex County",Standing,0.0,38.7523184,-75.1708039,38.78,-75.12,18.3,2.6,,,,,5.373608964005743
405,2014-07-21,2014.0,7.0,,USA,Florida,"Indialantic, Brevard County",Standing,0.0,28.0894482,-80.5660328,27.86,-80.45,,4.1,,,,,27.942414183252183
807,2017-07-31,2017.0,7.0,18.0,USA,Florida,"Jacksonvlle, Duval County",Skimboarding,0.0,30.325968,-81.65676,30.35,-81.61,28.4,,,,,,5.222859316562755
140,2012-03-04,2012.0,3.0,13.0,USA,Florida,"Playalinda Beach, Brevard County",Kite Surfing,0.0,28.7021316,-80.6671512,28.42,-80.59,22.3,11.3,,,,,32.26382554538031
170,2012-06-14,2012.0,6.0,13.0,USA,South Carolina,"Myrtle Beach, Horry County",Swimming,0.0,33.68785,-78.883852,33.8,-78.5,,5.0,,,,,37.6187637381056
261,2013-04-02,2013.0,4.0,8.0,USA,Hawaii,Ka’anapali Shores,Surfing,0.0,20.921727262506,-156.693271826184,20.9,-156.47,23.3,5.1,,,,,23.31706475247782
401,2014-07-13,2014.0,7.0,,BAHAMAS,West End,Tiger Beach,Shark diving,,26.68711,-78.97702,26.7,-79.0,,4.1,,,,,2.695575019533914
470,2015-01-19,2015.0,1.0,,AUSTRALIA,New South Wales,"Wategos Beach, Byon Bay",Surfing & filming dolphins,,-28.6364,153.6338,-28.7,153.9,28.0,7.7,1.0,6.0,1.5,8.0,26.91715655613902
119,2011-12-21,2011.0,12.0,,SOUTH AFRICA,Eastern Cape Province,"Noordhoek, Port Elizabeth",Kayak Fishing,0.0,-33.96109,25.61494,-34.0,25.6,,,,,,,4.540610691788102
172,2012-06-15,2012.0,6.0,14.0,USA,Florida,"Summerland Key, Monroe County",Fishing,0.0,24.661499,-81.443191,24.4,-81.3,31.0,2.6,0.5,2.0,,,32.4855316153531
205,2012-09-06,2012.0,9.0,11.0,USA,Florida,"St. Augustine Beach, St. John's County",Surfing,0.0,29.852015,-81.267319,29.66,-81.22,,3.1,,,,,21.834287204365705
327,2013-10-10,2013.0,10.0,15.0,USA,Florida,"Destin, Okaloosa County",Wading,0.0,30.3936755,-86.4956633,30.21,-85.88,26.4,2.6,,,,,62.53495865669528
339,2013-11-10,2013.0,11.0,11.0,BAHAMAS,Unknown,Off Cape Eleuthera,Shark fishing,0.0,25.562300966667,-76.718714533333,25.6,-76.8,24.0,12.9,2.0,6.0,,,9.167132088098946
425,2014-08-31,2014.0,8.0,16.0,USA,Florida,"New Smyrna Beach, Volusia County",Body surfing,0.0,29.029722,-80.9237495,28.42,-80.59,29.5,1.0,,,,,75.2043515779445
530,2015-07-04,2015.0,7.0,,BAHAMAS,Grand Bahama Island,"Port Lucaya, Freeport",Spearfishing,0.0,26.5210127,-78.7701719,26.7,-79.0,,4.1,,,,,30.30134905212647
71,2011-08-17,2011.0,8.0,16.0,USA,North Carolina,"Wrightsville Beach, New Hanover County",Unknown,,34.213812,-77.805529,34.21,-77.8,29.1,6.2,,,,,0.6619341939419164
159,2012-05-20,2012.0,5.0,,USA,Hawaii,"Iroquiois Point, Oahu",Kayak Fishing,0.0,21.324662,-157.984648,21.31,-157.87,26.2,3.6,,,,,11.987457964649039
221,2012-10-23,2012.0,10.0,11.0,USA,California,"Surf Beach, Lompoc, Santa Barbara County",Surfing,1.0,34.6389191,-120.4689032,34.58,-120.65,,5.7,,,,,17.821583391826458
284,2013-06-25,2013.0,6.0,,USA,Florida,"Jacksonville, Duval County",Swimming,0.0,30.325968,-81.65676,30.4,-81.43,,2.3,,,,,23.261485200845883
312,2013-09-01,2013.0,9.0,,USA,Florida,Key West Aquarium,Unknown,0.0,24.5590759,-81.8073375,24.55,-81.81,30.3,,,,,,1.04450434900859
324,2013-09-29,2013.0,9.0,11.0,ISRAEL,Southern District,Ashdod,Diving,0.0,31.7877699,34.6432047,31.8,34.5,27.3,2.6,0.5,2.0,,,13.602448874702791
344,2013-11-30,2013.0,11.0,14.0,AUSTRALIA,New South Wales,"Riecks Point,  Campbell’s Beach,",Body boarding,1.0,-33.274481159205,151.311602214409,-33.6,151.6,21.0,3.6,1.0,0.0,1.0,2.0,45.014350579379325
655,2016-06-11,2016.0,6.0,15.0,USA,North Carolina,"Atlantic Beach, Emerald Isle, Carteret County",Standing,0.0,34.701134,-76.740173,34.7,-76.67,24.9,,,,,,6.416297733060836
730,2017-01-05,2017.0,1.0,12.0,USA,Florida,"Blockhouse Beach, Brevard County",Wading,0.0,28.2583625,-80.6040184,28.4,-80.5,21.9,,0.5,8.0,,,18.753619312908675
737,2017-02-01,2017.0,2.0,,USA,South Carolina,16 miles off Hilton Head,Fishing,0.0,32.18617740189,-80.714270212089,32.04,-80.9,12.8,1.5,,,,,23.8785487520268
193,2012-07-31,2012.0,7.0,6.0,USA,California,"Topanga Beach, Los Angeles County",Surfing,0.0,34.040099,-118.57927,34.01,-118.5,17.6,3.1,,,,,8.035515395631835
399,2014-07-09,2014.0,7.0,14.0,USA,Florida,"New Smyrna Beach, Volusia County",Surfing,0.0,29.029722,-80.9237495,28.42,-80.59,29.3,2.6,,,,,75.2043515779445
414,2014-08-10,2014.0,8.0,,USA,Florida,"Hallandale Beach, Broward County",Unknown,0.0,25.9847185,-80.1477783,26.09,-80.11,,1.0,,,,,12.300206868717293
462,2014-12-28,2014.0,12.0,,GREECE,Unknown,33 nautical miles off Othonoi Island,Unknown,0.0,37.2604963,24.598761,36.9,24.6,15.7,4.1,,,,,40.085573238268104
466,2015-01-03,2015.0,1.0,8.0,SOUTH AFRICA,Eastern Cape Province,Chintsa East Beach,Surfing,0.0,-33.59786,26.90536,-33.4,27.8,19.8,6.2,0.5,99.0,1.0,,85.82322961189226
605,2016-01-11,2016.0,1.0,,AUSTRALIA,Queensland,"Happy Valley Beach, Caloundra",Surfing,0.0,-26.806909512274,153.135244045821,-27.4,153.1,26.6,6.2,,,,,66.04096225486916
750,2017-03-27,2017.0,3.0,10.0,USA,Florida,"New Smyrna Beach, Volusia County",Surfing,0.0,29.029722,-80.9237495,28.42,-80.59,22.8,3.6,,,,,75.2043515779445
91,2011-09-24,2011.0,9.0,10.0,USA,South Carolina,"North Myrtle Beach, Horry County",Jumping in the waves,0.0,33.8074384,-78.7152584,33.8,-78.5,,5.0,,,,,19.906500637490694
124,2011-12-31,2011.0,12.0,18.0,USA,Florida,"Jupiter, Palm Beach County",Unknown,0.0,26.9341448,-80.0997362,26.7,-80.1,21.8,0.5,,,,,26.035767887176764
153,2012-04-19,2012.0,4.0,12.0,SOUTH AFRICA,Western Cape Province,Caves near Kogel Bay,Body boarding,1.0,-34.057022758786,18.629068102981,-33.8,18.4,10.0,3.1,0.5,10.0,1.0,9.0,35.545149648548936
171,2012-06-14,2012.0,6.0,,USA,South Carolina,"Myrtle Beach, Horry County",Swimming,0.0,33.68785,-78.883852,33.8,-78.5,,5.0,,,,,37.6187637381056
194,2012-08-04,2012.0,8.0,,FRENCH POLYNESIA,Tuamotus,Kaukura Atoll,Spearfishing,0.0,-15.74795,-146.69381,-15.4,-147.2,29.7,7.7,,,,,66.6082662989447
219,2012-10-18,2012.0,10.0,10.0,USA,Florida,"Ponce Inlet, Volusia County",Surfing,0.0,29.0970105,-80.9357379,29.66,-81.22,,2.1,,,,,68.39304608489897
376,2014-05-10,2014.0,5.0,,USA,Florida,"Bethel Shoals, Indian River County",Diving,,27.72475,-80.17977,27.6,-80.2,24.4,,1.0,5.0,,,14.013938357547834
444,2014-10-17,2014.0,10.0,6.0,AUSTRALIA,New South Wales,Avoca Beach,Surfing,0.0,-33.470895047,151.430842436,-34.0,151.3,15.2,15.4,1.0,6.0,1.5,7.0,60.065064063289704
586,2015-11-01,2015.0,11.0,14.0,USA,Florida,"Cocoa Beach, Brevard  County",Wading,0.0,28.320224,-80.608867,28.42,-80.59,26.3,1.5,,,,,11.247121209982557
684,2016-08-04,2016.0,8.0,,USA,Florida,"New Smyrna Beach, Volusia County",Surfing,0.0,29.029722,-80.9237495,28.42,-80.59,29.3,3.6,,,,,75.2043515779445
155,2012-05-06,2012.0,5.0,7.0,USA,California,Off Catalina Island,Paddle boarding,0.0,33.38336,-118.41758,33.5,-118.4,,5.7,,,,,13.071969563512882
233,2012-12-19,2012.0,12.0,8.0,AUSTRALIA,Western Australia,Trigg Beach,Surfing,0.0,-31.877937,115.75177,-32.2,115.8,23.0,10.8,,,,,36.099222897002505
519,2015-06-25,2015.0,6.0,11.0,USA,North Carolina,"Avon, Hatteras Island, Outer Banks, Dare County",Body surfing?,0.0,35.56685,-75.46849,35.8,-75.55,27.2,4.6,,,,,26.95013075008283
564,2015-09-20,2015.0,9.0,7.0,USA,Florida,"Vilano Beach, St.  Johns County",Photographing fish,0.0,29.9354428,-81.3019633,29.86,-81.27,26.4,3.1,,,,,8.936816787464004
581,2015-10-21,2015.0,10.0,14.0,USA,Florida,"Playalinda Beach, Brevard County",Surfing,0.0,28.7021316,-80.6671512,28.42,-80.59,25.1,5.7,,,,,32.26382554538031
94,2011-09-30,2011.0,9.0,9.0,USA,Puerto Rico,Hatillo Beach,Surfing,,18.489309,-66.794475,18.48,-66.7,29.2,2.6,,,,,10.016808167620612
196,2012-08-11,2012.0,8.0,12.0,AUSTRALIA,Western Australia,Ocean Reef,Fishing,0.0,-31.75808771,115.737240457,-31.95,115.57,18.9,,,,,,26.54965754128326
371,2014-04-22,2014.0,4.0,15.0,USA,Florida,"Cocoa Beach, Brevard  County",Swimming,0.0,28.320224,-80.608867,28.42,-80.59,22.6,2.1,,,,,11.247121209982557
422,2014-08-28,2014.0,8.0,,USA,Maryland,Assateague National Seashore,Fishing,0.0,38.2060778,-75.1546498,38.33,-75.09,23.9,3.1,,,,,14.890631300199917
499,2015-05-15,2015.0,5.0,14.0,USA,South Carolina,Sullivan's Island,Unknown,0.0,32.762889,-79.83623,32.78,-79.92,23.3,6.2,,,,,8.060025751003504
514,2015-06-23,2015.0,6.0,,USA,South Carolina,"St. Helena Island, Beaufort County",Standing,0.0,32.427134,-80.469145,32.56,-80.45,,1.0,,,,,14.882760368360353
525,2015-06-30,2015.0,6.0,,AUSTRALIA,New South Wales,"Flat Rock, Yamba",Surfing,0.0,-35.3407,150.4776,-35.35,150.65,19.9,,,,,,15.670769499052035
554,2015-09-03,2015.0,9.0,16.0,USA,South Carolina,"Myrtle Beach, Horry County",Unknown,0.0,33.68785,-78.883852,33.66,-78.92,28.7,3.1,,,,,4.558436898434041
769,2017-04-29,2017.0,4.0,11.0,USA,South Carolina,"Folly Beach, Charleston County",Surfing,0.0,32.655954,-79.941069,32.69,-79.89,,2.6,,,,,6.097617925000881
50,2011-06-21,2011.0,6.0,,USA,Florida,"Perdido Key, Escambia County",Jet skiing,0.0,30.3002,-87.42748,30.4,-87.21,30.7,4.6,,,,,23.635697754286564
207,2012-09-08,2012.0,9.0,,USA,Florida,"South Beach, Miami-Dade County",Swimming,0.0,25.7745,-80.1329,25.73,-80.16,,1.4,,,,,5.64365569817919
417,2014-08-24,2014.0,8.0,,USA,North Carolina,"Off Masonboro Island, New Hanover County",Kite boarding,0.0,34.12545,-77.85804,34.16,-77.85,,7.7,,,,,3.9123952238621587
624,2016-03-13,2016.0,3.0,,USA,California,"Bolsa Chica State Park, Orange County",Surfing,,33.7109249,-118.0654702,33.73,-118.19,,2.1,,,,,11.711089144354375
697,2016-09-07,2016.0,9.0,14.0,USA,Hawaii,"Makaha, Oahu",Swimming,0.0,21.468004,-158.214988,21.7,-158.1,26.9,,1.0,5.0,0.5,15.0,28.40486776558352
92,2011-09-28,2011.0,9.0,12.0,SOUTH AFRICA,Western Cape Province,Clovely Beach,Swimming,0.0,-34.12487,18.43276,-34.12,18.22,13.8,,,,,,19.59242997486123
498,2015-05-09,2015.0,5.0,,NEW CALEDONIA,Unknown,Kouare,Snorkeling,1.0,-21.6710827,166.0721766,-20.88,166.49,26.6,,,,,,98.04100826858043
559,2015-09-17,2015.0,9.0,15.0,USA,Florida,"Jacksonville Beach, Duval County",Surfing,0.0,30.2881812,-81.3920144,30.38,-81.45,,,,,,,11.627946899496633
602,2015-12-26,2015.0,12.0,,SOUTH AFRICA,KwaZulu-Natal,Westbrook Beach,Fishing,0.0,-29.5805313,31.1788593,-29.7,31.5,28.0,8.2,2.5,8.0,2.5,8.0,33.76010247028086
617,2016-02-19,2016.0,2.0,16.0,NEW CALEDONIA,South Province,Yate,Spearfishing,0.0,-22.08333,166.75,-22.4,166.7,26.0,8.7,1.0,3.0,1.0,3.0,35.58620214718623
670,2016-07-14,2016.0,7.0,,BAHAMAS,Unknown,Tiger Beach,Scuba Diving,0.0,25.04113018772,-77.295281932361,25.3,-77.3,,7.2,,,,,28.788970698823565
674,2016-07-16,2016.0,7.0,11.0,USA,Florida,"New Smyrna Beach, Volusia County",Unknown,0.0,29.029722,-80.9237495,28.42,-80.59,31.0,1.0,,,,,75.2043515779445
798,2017-07-20,2017.0,7.0,11.0,USA,California,"Stearns Wharf, Santa Barbara",Kayaking,0.0,34.410297,-119.691837,34.41,-119.69,,1.5,,,,,0.17172713542848034
32,2011-05-10,2011.0,5.0,,USA,Florida,Miami,Fishing,0.0,25.775084,-80.194702,25.73,-80.16,28.6,2.5,,,,,6.100006145416339
268,2013-04-24,2013.0,4.0,13.0,MEXICO,Quintana Roo,"Seagull Beach, Cancun",Swimming,0.0,21.04716,-86.781947,21.3,-86.5,28.0,6.7,1.0,1.0,,,40.55970993659261
313,2013-09-01,2013.0,9.0,12.0,USA,Florida,"St Augustine Beach, St Johns County",Casting a net,0.0,29.852015,-81.267319,29.86,-81.27,,3.1,,,,,0.9247707349867427
546,2015-08-18,2015.0,8.0,11.0,SPAIN,Alicante,"Poniente Beach, Benidorm",Swimming,,38.537275,-0.1404609,38.4,0.2,27.4,1.5,,,,,33.340051881133164
598,2015-12-21,2015.0,12.0,7.0,AUSTRALIA,New South Wales,Bondi Beach,Surfing,0.0,-33.889387797,151.272464529,-33.7,152.2,25.0,5.1,,,1.5,6.0,88.25968967358298
646,2016-05-29,2016.0,5.0,15.0,USA,Florida,"Neptune, Duval County",Swimming,0.0,30.3236,-81.4145,30.38,-81.45,,,,,,,7.1368048081878195
771,2017-05-03,2017.0,5.0,14.0,USA,California,"Sunset Beach, Orange County",Surfing,,33.716327,-118.069515,33.73,-118.19,,2.1,,,,,11.246209961473099
37,2011-05-22,2011.0,5.0,12.0,USA,Hawaii,"Lyman Beach, Kailua-Kona",Paddle boarding,0.0,19.647367,-155.99301,20.04,-155.83,27.0,5.1,,,,,46.86987431944518
303,2013-08-13,2013.0,8.0,13.0,USA,Hawaii,"Ka'a Point, Maui",Kiteboarding,0.0,20.85632,-156.82905,20.9,-156.47,26.4,4.1,,,,,37.61802866467465
480,2015-03-07,2015.0,3.0,,FRENCH POLYNESIA,Central Tuamotu,"Tupapati, Hikueru Atoll",Sitting in the water,0.0,-17.58416,-142.6164,-17.13,-143.06,,,,,,,69.04202184939123
591,2015-11-15,2015.0,11.0,,USA,Florida,"Ocean Reef Park, Singer Island, Palm Beach County",Surfing,0.0,26.79372,-80.03288,26.7,-80.0,28.0,10.3,1.0,5.0,3.0,8.0,10.920673876124347
777,2017-05-30,2017.0,5.0,,USA,South Carolina,"Awendaw, Charleston County",Touching a shark,0.0,32.990128,-79.644251,32.8,-79.6,25.6,3.0,,,,,21.541228743193017
121,2011-12-23,2011.0,12.0,12.0,USA,Florida,New Smyrna Beach,Surfing,0.0,29.029722,-80.9237495,29.2,-80.3,26.0,10.8,1.5,3.0,1.0,5.0,63.48344797145969
436,2014-10-03,2014.0,10.0,11.0,USA,California,Santa Barbara County,Kayaking,0.0,34.538263714677,-120.030793894701,34.3,-119.9,20.1,3.0,,,,,29.083612637621155
491,2015-04-13,2015.0,4.0,,USA,Florida,"Florida Keys, Monroe County",Photographing the shark,0.0,24.66709,-81.58314,24.56,-81.81,27.7,,,,,,25.840854408547262
701,2016-09-17,2016.0,9.0,,AUSTRALIA,Victoria,Thirteenth Beach,Surfing,0.0,-38.287921,144.4853177,-38.3,144.6,13.5,7.2,,,,,10.098108490215063
752,2017-04-02,2017.0,4.0,15.0,USA,Florida,"Destin, Okaloosa County",Swimming,0.0,30.3936755,-86.4956633,30.21,-85.88,23.1,6.2,,,,,62.53495865669528
27,2011-04-22,2011.0,4.0,15.0,USA,Florida,"New Smyrna Beach, Volusia County",Surfing,0.0,29.029722,-80.9237495,28.42,-80.59,26.1,2.8,,,,,75.2043515779445
55,2011-07-05,2011.0,7.0,10.0,COLUMBIA,Sucre,"Libertad, San Onofre",Kayaking,0.0,9.90626,-75.58555,10.3,-75.6,,,,,,,43.81052610081982
243,2013-01-26,2013.0,1.0,,AUSTRALIA,Victoria,Cape Nelson,Fishing,0.0,-38.43333,141.55,-38.5,141.5,18.7,4.1,,,,,8.596966549347284
294,2013-07-22,2013.0,7.0,13.0,BRAZIL,Pernambuco,"Boa Viagem Beach, Recife",Swimming,1.0,-8.12772,-34.89827,-8.15,-34.57,,8.0,2.0,9.0,,,36.21918993989971
367,2014-04-04,2014.0,4.0,13.0,USA,Florida,"New Smyrna Beach, Volusia County",Surfing,0.0,29.029722,-80.9237495,28.42,-80.59,23.1,3.1,,,,,75.2043515779445
442,2014-10-12,2014.0,10.0,15.0,USA,Florida,"Melbourne Beach, Brevard County",Body surfing or Boogie boarding,0.0,28.068399,-80.558423,27.86,-80.45,,5.1,,,,,25.50244399392663
500,2015-05-20,2015.0,5.0,10.0,USA,Florida,"New Smyrna Beach, Volusia County",Surfing,0.0,29.029722,-80.9237495,28.42,-80.59,27.5,3.6,,,,,75.2043515779445
70,2011-08-17,2011.0,8.0,17.0,USA,North Carolina,"Kure Beach, New Hanover County",Wading,0.0,33.998255,-77.906651,34.16,-77.85,,1.0,,,,,18.72675941895582
288,2013-07-02,2013.0,7.0,,AUSTRALIA,Victoria,"Flinders, Mornington Penisula",Body surfing,0.0,-38.454765047,144.987693038,-38.3,144.8,13.4,7.7,,,,,23.74537472921781
298,2013-07-29,2013.0,7.0,14.0,USA,Hawaii,"White Plains Beach, Oahu",Surfing,0.0,21.3035,-158.0452,21.3,-158.1,26.8,,1.0,10.0,1.0,12.0,5.6905089906396
310,2013-08-31,2013.0,8.0,,BAHAMAS,Unknown,Freetown Beach,Spearfishing,0.0,24.7761474,-76.3035138,25.3,-75.9,30.0,6.7,1.0,3.0,,,71.03261929579709
358,2014-03-02,2014.0,3.0,,USA,Florida,"Santa Lucea Beach, South Hutchinson Island, St. Lucie County",Surfing,0.0,27.286106,-80.223526,27.6,-80.2,22.6,,1.0,10.0,0.5,11.0,34.9805998828081
521,2015-06-26,2015.0,6.0,19.0,USA,Florida,"Jacksonville Beach, Duval County",Swimming,,30.2881812,-81.3920144,30.38,-81.45,,,,,,,11.627946899496633
647,2016-05-29,2016.0,5.0,16.0,USA,California,"Corona Del Mar, Newport, Orange County",Swimming,0.0,33.606988443995,-117.874217169872,33.6,-118.2,17.6,,0.5,8.0,0.5,15.0,30.18172090586257
654,2016-06-07,2016.0,6.0,11.0,USA,South Carolina,"Folly Beach, Charleston County",Surfing,,32.655954,-79.941069,32.69,-79.89,,4.6,,,,,6.097617925000881
738,2017-02-06,2017.0,2.0,,SOUTH AFRICA,KwaZulu-Natal,Eastmoor Crescent Beach,Fishing,0.0,-29.742413869127,31.078229588043,-29.6,31.2,24.0,13.4,1.0,5.0,1.0,6.0,19.72770570090095
755,2017-04-10,2017.0,4.0,17.0,USA,Florida,"Melbourne Beach, Brevard County",Paddle boarding,0.0,28.068399,-80.558423,28.2,-80.4,23.5,6.7,,,,,21.341403593208742
40,2011-05-30,2011.0,5.0,15.0,USA,Texas,"Follett's Island, Brazoria County",Standing or boogie boardin,0.0,29.04247,-95.16965,28.93,-95.3,28.2,7.7,,,,,17.808747054800463
133,2012-01-27,2012.0,1.0,11.0,USA,Hawaii,Lanai,Snorkeling,0.0,20.82757,-156.92399,20.8,-157.0,24.4,,1.0,10.0,0.5,13.0,8.474314889140604
412,2014-08-08,2014.0,8.0,,USA,Louisiana,"Lake Ponchartain off Southshore Harbor, New Orleans",Swimming,0.0,29.958559823056,-90.17922065479,29.93,-90.14,28.5,,,,,,4.9361771889500075
580,2015-10-19,2015.0,10.0,13.0,USA,Florida,"Deerfield Beach, Broward County",Surfing,0.0,26.3205843,-80.0997809,26.3,-80.0,29.1,10.8,,,,,10.205743025755934
770,2017-04-29,2017.0,4.0,17.0,USA,California,"San Onofre, San Diego County",Swimming,0.0,33.384955,-117.572537,33.2,-117.5,17.6,,1.5,10.0,0.5,11.0,21.642979364361395
806,2017-07-29,2017.0,7.0,,USA,South Carolina,"DeBordieu Colony, Georgetown County",Unknown,0.0,33.368223,-79.170601,33.35,-79.19,,4.1,,,,,2.7114497008579557
319,2013-09-14,2013.0,9.0,15.0,USA,Florida,"Casino Beach, Pensacola, Escambia County",Swimming,0.0,30.3317477,-87.1410901,30.4,-87.21,29.8,2.6,,,,,10.065122134669576
493,2015-04-26,2015.0,4.0,16.0,USA,Florida,"Resident's Beach, Marco Island",Wading,0.0,25.9354292,-81.7331285,26.05,-81.7,,1.5,,,,,13.162968678112705
568,2015-09-29,2015.0,9.0,16.0,USA,Florida,"Vilano Beach, St.  Johns County",Surfing,0.0,29.9354428,-81.3019633,29.86,-81.27,26.7,5.1,,,,,8.936816787464004
658,2016-06-15,2016.0,6.0,6.0,USA,Hawaii,"Kalapaki Beach, Kauai",Surfing,0.0,21.96052,-159.35018,21.95,-159.36,26.9,8.7,,,,,1.547261740805747
763,2017-04-17,2017.0,4.0,,USA,Florida,"Daytona Beach, Volusia County",Unknown,0.0,29.2070854,-81.0207257,29.66,-81.22,,,,,,,53.93272393862878
402,2014-07-14,2014.0,7.0,14.0,USA,Florida,Okaloosa Island,Swimming,0.0,30.394995,-86.601875,30.4,-87.21,27.6,1.0,,,,,58.32770307925639
450,2014-11-08,2014.0,11.0,16.0,USA,Florida,"Fort Pierce Inlet State Park, St. Lucie County",Surfing,0.0,27.4842788,-80.3052946,27.6,-80.2,24.1,,1.0,9.0,0.5,11.0,16.533253733367566
508,2015-06-11,2015.0,6.0,12.0,USA,North Carolina,"Ocean Isle, Brunswick County",Boogie boarding,0.0,33.900049282896,-78.061581994137,33.91,-78.15,26.6,7.7,,,,,8.234584523795183
606,2016-01-23,2016.0,1.0,,USA,Hawaii,"Wailea Beach, Maui",Paddle boarding,0.0,20.681265,-156.443428,20.9,-156.47,,7.5,,,,,24.478613605864084
19,2011-03-16,2011.0,3.0,13.0,AUSTRALIA,New South Wales,"Jimmys Beach, Port Stephens",Wakeboarding,0.0,-32.735453541,151.886602806,-33.0,152.1,,5.1,0.5,5.0,1.0,9.0,35.532163264616514
374,2014-05-04,2014.0,5.0,,SOUTH AFRICA,Western Cape Province,Simonstown,Diving,0.0,-34.1934,18.43585,-34.3,18.2,,14.4,4.0,14.0,,,24.707457644622416
378,2014-05-13,2014.0,5.0,11.0,USA,Florida,"Jacksonville Beach, Duval County",Wading,0.0,30.2881812,-81.3920144,30.38,-81.45,,,,,,,11.627946899496633
445,2014-10-19,2014.0,10.0,,USA,California,"Leadbetter Beach, Santa Barbara County",Canoeing,0.0,34.40244,-119.69932,34.41,-119.69,,1.0,,,,,1.1990616731120967
527,2015-07-01,2015.0,7.0,12.0,USA,North Carolina,"Ocracoke, Lifeguard Beach, National Park Service, Hyde County",Swimming,0.0,35.1084829,-75.9778046,35.21,-75.7,27.2,6.2,,,,,27.662642139975585
689,2016-08-29,2016.0,8.0,14.0,USA,Florida,"New Smyrna Beach, Volusia County",Surfing,0.0,29.029722,-80.9237495,29.0,-80.2,30.0,7.7,1.5,3.0,,,70.45444357345336
718,2016-11-14,2016.0,11.0,10.0,USA,Hawaii,"Kamaole Beach Park I, Maui",Floating,0.0,20.7222,-156.4479,20.9,-156.47,26.0,2.1,,,,,19.903487552445267
809,2017-08-03,2017.0,8.0,23.0,USA,Massachusetts,"Menauhant Beach, Falmouth,
Barnstable County",Fishing,0.0,41.54928,-70.55475,41.58,-70.53,,,,,,,3.988541914726688
41,2011-06-01,2011.0,6.0,,MALAYSIA,Kedah,Palau Payar,Snorkeling,0.0,6.05,100.03333,5.7,100.0,27.0,4.1,,,,,39.0925108677772
102,2011-10-20,2011.0,10.0,,USA,Oregon,"Newport, Lincoln County",Surfing,0.0,44.6365534,-124.0544474,44.63,-124.04,13.2,1.3,,,,,1.3556988786142028
189,2012-07-24,2012.0,7.0,11.0,USA,North Carolina,"Ocean Isle, Brunswick County",Unknown,,33.900049282896,-78.061581994137,34.16,-77.85,,3.1,,,,,34.86652670009532
206,2012-09-06,2012.0,9.0,,USA,Florida,"Neptune Beach, Duval County",Surfing,0.0,30.312888,-81.398458,30.4,-81.43,,3.8,,,,,10.14821729871087
211,2012-09-16,2012.0,9.0,15.0,USA,Florida,"Cocoa Beach, Brevard  County",Surfing,0.0,28.320224,-80.608867,28.4,-80.6,28.0,5.1,,,,,8.913030249441025
321,2013-09-21,2013.0,9.0,13.0,USA,Florida,"Ormond Beach, Volusia County",Swimming,0.0,29.2774764,-81.0417589,29.66,-81.22,,,,,,,45.901530978728566
46,2011-06-14,2011.0,6.0,,UNITED KINGDOM,Cornwall,St. Ives,Fishing,0.0,50.211422269,-5.480829146,50.1,-6.1,15.8,3.6,,26.0,,,45.81838657297801
60,2011-07-13,2011.0,7.0,12.0,BAHAMAS,Grand Bahama Island,Off Lucaya,Scuba diving,0.0,26.5174143,-78.7686115,26.5,-78.8,28.0,3.0,,,0.0,0.0,3.674863851781357
80,2011-08-31,2011.0,8.0,11.0,USA,Florida,Crescent Beach St. Johns County,Surfing,0.0,29.768745,-81.253492,29.8,-81.3,28.3,5.2,,,,,5.67656680347309
175,2012-06-20,2012.0,6.0,7.0,AUSTRALIA,Western Australia,"Mullaloo Beach, Perth",Surf skiing,0.0,-31.7789,115.7326,-31.98,115.25,22.3,,,,,,50.7591746256579
217,2012-10-16,2012.0,10.0,17.0,USA,Florida,Hobe Sound,Unknown,,27.0676296,-80.1358242,27.3,-79.9,29.0,7.7,,,,,34.809927441640056
229,2012-11-30,2012.0,11.0,9.0,USA,Hawaii,"Kihei, Maui",Snorkeling,0.0,20.7814563,-156.4626867,20.9,-156.47,24.2,1.0,,,,,13.203369923688497
440,2014-10-07,2014.0,10.0,,USA,Florida,"Cherie Down Park, Brevard County",Fishing,0.0,28.3921309,-80.597012,28.42,-80.59,27.8,2.1,,,,,3.1738903410819446
531,2015-07-04,2015.0,7.0,,USA,North Carolina,"Off Surf City, Pender County",Unknown,0.0,34.425619,-77.546911,34.21,-77.79,26.0,8.2,,,,,32.76033846085256
569,2015-10-04,2015.0,10.0,8.0,USA,Florida,"New Smyrna Beach, Volusia County",Surfing,0.0,29.029722,-80.9237495,28.42,-80.59,28.2,1.5,,,,,75.2043515779445
571,2015-10-05,2015.0,10.0,10.0,USA,Texas,Galveston,Wading,0.0,29.300128,-94.795846,29.31,-94.79,25.5,,,,,,1.2354401366422214
669,2016-07-08,2016.0,7.0,,USA,California,"Capitola, Santa Cruz County",Fishing,0.0,36.973068,-121.952033,36.8,-122.0,13.9,,,,,,19.711482967396336
6,2011-01-20,2011.0,1.0,17.0,AUSTRALIA,New South Wales,Cudgen Creek,Swimming,,-28.26111,153.58276,-28.8,153.7,26.3,9.8,0.5,1.0,,,61.006686731647996
223,2012-10-30,2012.0,10.0,12.0,USA,California,"Humboldt Bay, Eureka, Humboldt County",Surfing,0.0,40.741892,-124.210936,40.77,-124.22,,9.3,,,,,3.2173664085693545
427,2014-09-02,2014.0,9.0,20.0,USA,Florida,"Fletcher Beach, Hutchinson Island, Martin County",Fishing,0.0,27.286106,-80.223526,27.46,-80.32,30.4,,,,,,21.55545060196924
644,2016-05-21,2016.0,5.0,17.0,USA,Florida,"Hugenot Beach , Jacksonville, Duval County",Swimming,0.0,30.384675011043,-81.489213740588,30.39,-81.52,,3.1,,,,,3.0117873769612373
95,2011-10-01,2011.0,10.0,,USA,Alabama,"Gulf Shores, Baldwin County",Unknown,0.0,30.272469,-87.68743,30.1,-87.6,27.0,4.0,,,,,20.938067984745206
201,2012-09-02,2012.0,9.0,12.0,USA,Hawaii,"Spreckelsville, Maui",Spearfishing,0.0,20.9073269,-156.4066558,20.9,-156.47,25.7,10.3,,,,,6.630215131314304
203,2012-09-02,2012.0,9.0,16.0,USA,Florida,"New Smyrna Beach, Volusia County",Swimming or boogie boarding,0.0,29.029722,-80.9237495,28.42,-80.59,28.3,1.5,,,,,75.2043515779445
297,2013-07-28,2013.0,7.0,11.0,BAHAMAS,Abaco Islands,Grand Cay,Diving,0.0,27.22727,-78.33653,27.65,-78.29,27.9,,,,,,47.22925571599649
616,2016-02-12,2016.0,2.0,15.0,DOMINICAN REPUBLIC,Altagracia Province,"Bavaro Beach, Punta Cana",Wading,0.0,18.58182,-68.40431,19.0,-68.3,26.0,6.2,1.0,2.0,1.0,3.0,47.778463284559926
745,2017-03-07,2017.0,3.0,,MEXICO,Tamaulipas,"Playa Baghdad, Matamoros",Fishing,0.0,25.825040274,-97.152136519,26.06,-97.22,21.6,5.1,,,,,26.993198274950043
799,2017-07-20,2017.0,7.0,7.0,USA,California,"Seal Rock, Goleta Beach, Santa Barbara",SUP,0.0,34.4162748,-119.8338425,34.41,-119.69,,1.5,,,,,13.213705524366514
132,2012-01-22,2012.0,1.0,,BAHAMAS,Unknown,Cat Island,"Diving, photographing sharks",0.0,24.3096411,-75.4433707,24.7,-75.5,25.1,4.1,0.5,1.0,1.5,3.0,43.78253131597669
134,2012-02-06,2012.0,2.0,12.0,AUSTRALIA,Queensland,Wurtulla,Surfing,0.0,-26.755036297,153.127536265,-26.7,153.9,28.0,3.1,0.5,2.0,1.0,2.0,76.96044083673192
136,2012-02-25,2012.0,2.0,16.0,AUSTRALIA,New South Wales,Broughton Island,Fishing,0.0,-32.61667,152.35,-33.3,151.8,25.0,12.9,1.0,5.0,,,91.68732343063628
144,2012-03-14,2012.0,3.0,16.0,USA,Florida,"New Smyrna Beach, Volusia County",Surfing,0.0,29.029722,-80.9237495,28.42,-80.59,22.3,1.5,,,,,75.2043515779445
290,2013-07-11,2013.0,7.0,15.0,USA,North Carolina,Holden Beach. Brunswick County,Wading,0.0,33.915334,-78.264155,33.91,-78.15,,8.7,1.0,4.0,,,10.5508597715305
428,2014-09-03,2014.0,9.0,18.0,USA,Massachusetts,"Manomet Point, Plymouth, Plymouth County",Kayaking,0.0,41.92677,-70.53892,41.58,-70.53,,2.1,,,,,38.56622424926327
469,2015-01-17,2015.0,1.0,13.0,AUSTRALIA,New South Wales,Off Blacksmith Beach,Fishing,0.0,-33.05159,151.66805,-33.3,152.1,25.0,7.2,,,,,48.77628787549588
496,2015-05-03,2015.0,5.0,15.0,AUSTRALIA,New South Wales,Saltwater Beach,Surfing,0.0,-31.9973812,152.5709653,-32.2,152.7,24.3,5.1,2.0,6.0,,,25.599749020461882
540,2015-07-26,2015.0,7.0,10.0,USA,South Carolina,"Edisto Beach, Colleton County",Floating,,32.4824626,-80.3279385,32.56,-80.45,,2.1,,,,,14.328575383503825
811,2017-08-10,2017.0,8.0,13.0,USA,South Carolina,"Sea Pines Resort, Hilton Head Island, Beaufort County",Swimming,0.0,32.127936,-80.7899915,32.04,-80.9,28.5,4.1,,,,,14.24872008709467
1,2008-06-26,2011.0,6.0,,USA,North Carolina,"North Topsail Beach, Onslow County",Playing in the surf,0.0,34.4710769,-77.4666599,34.5,-77.3,,6.0,,,,,15.610055441120753
242,2013-01-25,2013.0,1.0,,AUSTRALIA,Queensland,Noosa,Surfing,0.0,-26.364472458,152.894059898,-26.6,153.3,26.4,12.9,,,,,48.147995141362394
314,2013-09-02,2013.0,9.0,13.0,USA,Florida,"Ormond Beach, Volusia County",Swimming,0.0,29.2774764,-81.0417589,29.66,-81.22,,1.0,,,,,45.901530978728566
337,2013-11-07,2013.0,11.0,,USA,Florida,"Floridana Beach, Brevard County",Surfing,0.0,27.94577,-80.496461,27.86,-80.45,24.6,2.6,,,,,10.57370005832923
572,2015-10-07,2015.0,10.0,16.0,AUSTRALIA,Western Australia,Pyramids Beach,Surfing,0.0,-32.6036296,115.6310248,-32.2,115.7,18.4,5.7,,,,,45.34638132803379
800,2017-07-22,2017.0,7.0,12.0,USA,Florida,"Snipes Point, Monroe County",Unknown,0.0,24.6982,-81.67398,24.56,-81.81,31.6,2.1,,,,,20.619854084073793
64,2011-07-25,2011.0,7.0,,USA,New Jersey,"Egg Harbor, Atlantic County",Wade Fishing,0.0,39.52873,-74.64794,39.38,-74.42,,3.1,,,,,25.622299648105383
260,2013-04-02,2013.0,4.0,,AUSTRALIA,Western Australia,Perth,Unknown,,-31.943841237,115.860522474,-32.2,115.7,21.5,7.2,,,,,32.250363822023864
266,2013-04-17,2013.0,4.0,10.0,USA,Florida,"Near Boynton Beach, Palm Beach County",Playing in the surf,0.0,26.5289113,-80.0641707,26.61,-80.03,26.3,3.6,,,,,9.635820357895916
407,2014-08-01,2014.0,8.0,14.0,SOUTH AFRICA,Western Cape Province,Muizenberg,Surfing,0.0,-34.0999,18.45776,-33.9,18.4,14.7,1.0,,,,,22.85674755659951
518,2015-06-25,2015.0,6.0,,AUSTRALIA,Western Australia,Rottnest Island,Swimming,0.0,-32.007488242,115.520328532,-31.8,115.6,17.6,4.6,0.0,0.0,,,24.266530988795086
534,2015-07-19,2015.0,7.0,,SOUTH AFRICA,Eastern Cape Province,Jeffrey's Bay,Surfing,0.0,-34.04526,24.92146,-34.3,25.5,,8.2,1.0,2.0,4.0,3.0,60.29205793725462
567,2015-09-26,2015.0,9.0,,AUSTRALIA,Queensland,"Russel Island, Frankland Group",Snorkeling,0.0,-27.683219916,153.390457149,-27.9,153.8,23.0,13.4,4.0,12.0,,,46.94695837603122
653,2016-06-05,2016.0,6.0,8.0,USA,Florida,"Flagler Beach, Flagler County",Swimming,0.0,29.475972,-81.1248531,29.86,-81.27,28.5,9.8,,,,,44.945862020772815
707,2016-10-01,2016.0,10.0,17.0,USA,Florida,"New Smyrna Beach, Volusia County",Surfng,0.0,29.029722,-80.9237495,28.42,-80.59,29.5,0.5,,,,,75.2043515779445
815,2017-08-27,2017.0,8.0,13.0,USA,Florida,Bathtub Beach,Wading,0.0,27.186389,-80.160408,27.6,-80.2,26.1,,0.5,8.0,,,46.15731974249571
86,2011-09-16,2011.0,9.0,11.0,USA,Florida,New Smyrna Beach,Surfing,0.0,29.029722,-80.9237495,29.2,-80.2,30.0,3.6,0.5,1.0,1.0,3.0,72.81345175407075
385,2014-06-01,2014.0,6.0,,AUSTRALIA,New South Wales,"Seven Mile Beach, Gerroa",Surfing,0.0,-34.7731,150.8113,-34.9,151.0,,14.9,4.0,10.0,5.0,10.0,22.26459468418874
662,2016-06-25,2016.0,6.0,14.0,USA,North Carolina,"Atlantic Beach, Emerald Isle, Carteret County",Surfing,0.0,34.701134,-76.740173,34.7,-76.7,23.1,2.6,,,,,3.674689870780547
687,2016-08-25,2016.0,8.0,16.0,USA,Florida,"Ponte Vedra, St. Johns County",Wading,0.0,30.094227,-81.405774,29.98,-81.63,30.8,3.1,,,,,25.044220179336577
714,2016-10-21,2016.0,10.0,17.0,USA,Hawaii,"Hooipa Beach Park, Maui",Surfing,0.0,20.93667,-156.36056,21.0,-156.4,26.3,,2.0,8.0,1.0,12.0,8.146136956992446
31,2011-05-07,2011.0,5.0,,UNITED ARAB EMIRATES (UAE),Umm al Qaywayan Province,Khor Fakkan,Fishing,,25.5,55.75,25.3,56.6,28.0,1.5,,,,,88.22808166282181
79,2011-08-28,2011.0,8.0,19.0,USA,Texas,"Grass Island, Aransas County",Wade Fishing,0.0,28.05141,-97.15388,28.02,-97.05,32.0,3.1,,,,,10.777138877724731
81,2011-09-02,2011.0,9.0,11.0,USA,Florida,"New Smyrna Beach, Volusia County",Surfing,0.0,29.029722,-80.9237495,29.3,-80.3,30.0,4.6,,,,,67.61130225234778
161,2012-05-29,2012.0,5.0,9.0,MEXICO,Guerrero,"Boca de la Leña, La Unión",Free diving / spearfishing,0.0,18.0049,-101.98163,17.6,-102.2,29.0,6.0,0.5,,1.5,7.0,50.61171200713599
552,2015-08-29,2015.0,8.0,10.0,USA,California,"Morro Strand State Beach, San Luis Obispo County",Surfing,0.0,35.39185,-120.8664,35.2,-120.9,17.4,,0.5,10.0,1.0,14.0,21.549620586694935
104,2011-10-28,2011.0,10.0,,SCOTLAND,Moray,Spey Bay,Surfing,0.0,57.668674919,-3.083374724,57.8,-3.0,11.7,5.7,,,,,15.418611769933102
231,2012-12-02,2012.0,12.0,16.0,AUSTRALIA,New South Wales,Green Island,Spearfishing,0.0,-35.0152,150.7679,-34.6,151.1,,3.1,0.5,1.0,0.5,1.0,55.23428415086648
245,2013-02-09,2013.0,2.0,9.0,FRENCH POLYNESIA,Society Islands,"Tapu, a dive site on the outer reefs of Bora Bora",Scuba diving,0.0,-16.5059584,-151.7515183,-16.5,-151.8,29.2,6.2,,,,,5.211137703949706
256,2013-03-21,2013.0,3.0,,BAHAMAS,Eleuthera,Savannah Sound,Fly fishing,0.0,25.08416,-76.13714,25.4,-76.4,24.5,8.0,0.5,2.0,,,43.95860913503084
665,2016-07-06,2016.0,7.0,14.0,USA,Florida,"Melbourne Beach, Brevard County",Swimming,0.0,28.068399,-80.558423,27.86,-80.45,28.6,4.1,,,,,25.50244399392663
89,2011-09-20,2011.0,9.0,15.0,USA,Hawaii,Kauai,Canoeing,0.0,22.04942,-159.53099,21.95,-159.36,27.7,6.7,,,,,20.808372416024984
173,2012-06-18,2012.0,6.0,11.0,USA,North Carolina,"Ocean Isle, Brunswick County",Wading,0.0,33.900049282896,-78.061581994137,34.16,-77.85,,,,,,,34.86652670009532
362,2014-03-21,2014.0,3.0,,USA,Florida,Macarthur State Park,Surfing,0.0,26.6691383,-80.0699431,26.61,-80.03,24.5,6.7,,,,,7.681350567998456
651,2016-06-04,2016.0,6.0,,EGYPT,Suez,Ain Sokhna,Swimming,0.0,29.58902,32.33597,29.7,32.5,27.0,,,,,,20.08910376124939
740,2017-02-11,2017.0,2.0,13.0,USA,Florida,"Melbourne Beach, Brevard County",Swimming,0.0,28.068399,-80.558423,27.86,-80.45,,5.7,,,,,25.50244399392663
787,2017-06-19,2017.0,6.0,,USA,Florida,"Singer Island, Palm Beach County",Surfing,0.0,26.785748,-80.037079,26.61,-80.03,28.2,8.7,,,,,19.5549654105523
184,2012-07-07,2012.0,7.0,8.0,USA,California,"Pleasure Point, Santa Cruz County",Kayaking,0.0,36.963524,-121.964888,36.8,-122.0,12.1,6.0,,,,,18.44930061030877
283,2013-06-18,2013.0,6.0,12.0,USA,Hawaii,Kona Coast State Park,Swimming,0.0,19.7955984,-156.0213084,19.8,-156.1,26.8,5.1,,,,,8.247469121480217
406,2014-07-27,2014.0,7.0,,USA,North Carolina,"Sunset Beach, Brunswick County",Swimming,0.0,33.8924012,-78.5032644,33.83,-78.48,,,1.0,5.0,,,7.263615097764662
536,2015-07-23,2015.0,7.0,,AUSTRALIA,Victoria,Tyrendarra Beach near Portland,Surfing,0.0,-38.218595687,141.796191537,-38.3,141.6,12.2,6.2,,,,,19.37442274251533
162,2012-05-31,2012.0,5.0,13.0,USA,North Carolina,"Avon, Hatteras Island, Outer Banks, Dare County",Wading,0.0,35.56685,-75.46849,35.8,-75.55,24.3,10.3,,,,,26.95013075008283
178,2012-06-26,2012.0,6.0,9.0,USA,Hawaii,"Kahana Beach, Maui",Sitting in the water,0.0,20.9448962,-156.6921331,20.9,-156.47,24.6,4.1,,,,,23.605433632373572
322,2013-09-25,2013.0,9.0,10.0,USA,Florida,"Panama City, Bay County",Standing,0.0,30.1852107,-85.7308328,30.15,-85.67,28.5,1.0,,,,,7.037757947293088
516,2015-06-24,2015.0,6.0,11.0,AUSTRALIA,New South Wales,"Belongil Beach, Byron Bay",Surf skiing,0.0,-28.63373,153.60035,-29.2,154.0,17.0,5.1,1.0,3.0,1.0,3.0,74.01247273582693
579,2015-10-17,2015.0,10.0,11.0,USA,Hawaii,"Lanikai Beach, Kailua, Oahu",Swimming,0.0,21.3930763,-157.7157575,21.4,-157.7,27.6,,1.5,9.0,1.5,11.0,1.8039305068935185
680,2016-07-26,2016.0,7.0,12.0,AUSTRALIA,New South Wales,"Sharpes Beach, Ballina",Surfing,0.0,-28.837749,153.604367,-28.9,153.9,23.1,11.3,,,,,29.60821546356028
698,2016-09-11,2016.0,9.0,15.0,USA,Florida,"Ponte Vedra, St. Johns County",Wading,0.0,30.094227,-81.405774,29.98,-81.63,29.4,1.0,,,,,25.044220179336577
15,2011-02-18,2011.0,2.0,18.0,REUNION,Saint Gilles,Trois-Roches,Surfing,0.0,-21.05203,55.22571,-20.7,55.9,28.4,8.2,,,,,80.24979957262123
210,2012-09-10,2012.0,9.0,,TONGA,Vava'u,Eueiki Island,Swimming,0.0,-18.76685,-174.01902,-19.4,-174.6,26.3,3.6,,,,,93.18732690554764
269,2013-04-28,2013.0,4.0,,AUSTRALIA,New South Wales,Emerald Beach,Fishing,0.0,-30.169989952,153.185134141,-30.6,153.4,26.0,7.7,1.0,4.0,1.0,4.0,52.0678248277046
549,2015-08-22,2015.0,8.0,17.0,AUSTRALIA,New South Wales,Lighthouse Beach,Surfing,0.0,-33.280744,151.574377,-33.7,151.6,20.5,11.3,1.5,7.0,1.5,7.0,46.679727892471
708,2016-10-02,2016.0,10.0,11.0,USA,Florida,"New Smyrna Beach, Volusia County",Surfing,0.0,29.029722,-80.9237495,28.42,-80.59,29.8,1.5,,,,,75.2043515779445
24,2011-04-08,2011.0,4.0,,FIJI,Vitu Levu,"Malake Island, Ra Province",Diving,0.0,-17.32225,178.14352,-16.76,177.43,29.4,,,,,,98.29965062635125
34,2011-05-13,2011.0,5.0,15.0,USA,Florida,"Ponte Vedra Beach, St Johns County",Body surfing,0.0,30.242809,-81.382818,30.4,-81.43,24.5,2.2,,,,,18.056031840480678
103,2011-10-22,2011.0,10.0,13.0,AUSTRALIA,Western Australia,Rottnest Island,Diving,1.0,-32.007488242,115.520328532,-32.0,115.55,20.2,,,,,,2.9191417846469467
177,2012-06-22,2012.0,6.0,16.0,USA,Florida,"Bathtub Reef  Beach, Stuart, Martin County",Swimming,0.0,27.186903,-80.160736,27.6,-80.2,27.2,,1.0,5.0,0.5,11.0,46.09763591745797
277,2013-06-06,2013.0,6.0,16.0,AUSTRALIA,New South Wales,Target Beach,Surfing,0.0,-35.07123,150.783,-34.9,150.9,,10.3,1.5,10.0,2.5,12.0,21.82042901087028
454,2014-11-17,2014.0,11.0,,USA,California,"Franklin Point, San Mateo County",Unknown,0.0,37.14967,-122.36053,36.8,-122.5,15.3,4.0,1.5,11.0,1.5,11.0,40.80784270947125
660,2016-06-21,2016.0,6.0,15.0,USA,South Carolina,"North Myrtle Beach, Horry County",Floating,0.0,33.8074384,-78.7152584,33.8,-78.5,25.9,12.0,,,,,19.906500637490694
719,2016-11-28,2016.0,11.0,11.0,AUSTRALIA,Victoria,Queenscliff,Fishing,0.0,-38.267488026,144.656118018,-38.4,144.6,16.3,8.7,,,,,15.526414565769018
748,2017-03-18,2017.0,3.0,14.0,USA,California,Monterey Bay,Kayaking,0.0,36.79996,-121.90107,36.8,-122.0,13.2,,,,,,8.80847358715863
3,2011-01-03,2011.0,1.0,12.0,AUSTRALIA,Western Australia,Busselton,Fishing,0.0,-33.649024902,115.349555243,-34.2,114.7,21.0,10.8,1.5,3.0,1.0,4.0,85.70472597805639
29,2011-04-26,2011.0,4.0,,USA,Florida,"Riviera Beach, Palm Beach County",Spearfishing,0.0,26.7834459,-80.0547546,26.61,-80.03,27.2,,,,,,19.442482742464357
143,2012-03-06,2012.0,3.0,11.0,AUSTRALIA,Victoria,"Shipwreck Cove, Melbourne Aquarium","Diving, feeding sharks",0.0,-37.8206249,144.9582204,-37.8,144.9,,8.2,,,,,5.605252729875621
191,2012-07-30,2012.0,7.0,15.0,USA,Massachusetts,"Ballston Beach, Truro, Cape Cod",Body surfing,0.0,42.0007801,-70.0204591,41.58,-70.53,,1.0,,,,,63.03722297141491
247,2013-02-21,2013.0,2.0,18.0,USA,Hawaii,"Paia Bay, Maui",Surfing,0.0,20.91697,-156.38332,20.9,-156.47,22.9,6.2,,,,,9.199328818621598
517,2015-06-24,2015.0,6.0,12.0,USA,North Carolina,Surf City,Swimming,0.0,34.425619,-77.546911,34.21,-77.79,27.7,8.7,,,,,32.76033846085256
575,2015-10-09,2015.0,10.0,16.0,USA,South Carolina,"Shipyard Beach Club, Hilton Head Island, Beaufort County",Boogie boarding,0.0,32.154981068326,-80.738012717321,32.04,-80.9,23.8,3.1,,,,,19.907280163989014
715,2016-10-24,2016.0,10.0,7.0,AUSTRALIA,New South Wales,Broken Head Beach,Surfing,0.0,-28.714981,153.61455,-29.0,153.8,,5.7,1.0,4.0,2.5,10.0,36.47748727715395
797,2017-07-20,2017.0,7.0,,USA,South Carolina,"Hilton Head Island, Beaufort County",Swimming,,32.215401,-80.747563,32.04,-80.9,29.7,1.5,,,,,24.216706053082053
236,2012-12-30,2012.0,12.0,12.0,AUSTRALIA,New South Wales,Between Dee Why and Long Reef,Surfing,0.0,-34.042395415736,150.823057559702,-34.3,151.5,20.3,7.7,,,,,68.54924309213075
431,2014-09-12,2014.0,9.0,,FRENCH POLYNESIA,Moorea,Tiahura Lagoon,Feeding fish,0.0,-17.49291,-149.89705,-17.4,-149.8,27.7,2.1,,,,,14.584937727347208
781,2017-06-10,2017.0,6.0,15.0,AUSTRALIA,Victoria,"Flinders, Mornington Penisula",Surfing,0.0,-38.454765047,144.987693038,-38.3,144.9,13.6,6.2,,,,,18.83049485432161
38,2011-05-25,2011.0,5.0,13.0,USA,Hawaii,"Lyman Beach, Kailua-Kona",Surfing,0.0,19.647367,-155.99301,20.04,-155.83,27.2,8.1,,,,,46.86987431944518
222,2012-10-27,2012.0,10.0,15.0,USA,Hawaii,"Makena Landing, Maui",Swimming,0.0,20.6539039,-156.4411031,20.9,-156.47,26.4,4.1,,,,,27.529096578783037
289,2013-07-07,2013.0,7.0,,SPAIN,Catalonia,"Sant Marti d’Empuries Beach, L’Escala",Swimming,,42.1399046,3.1180566,41.7,3.4,,4.1,0.5,1.0,,,54.19279457551608
2,2010-03-10,2011.0,3.0,,EGYPT,South Sinai Peninsula,Sharm-el-Sheikh,Unknown,,27.9158248,34.3262398,27.6,33.9,20.0,7.7,1.0,4.0,1.0,3.0,54.70261661252364
7,2011-01-26,2011.0,1.0,15.0,BAHAMAS,West End,Tiger Beach,Scuba diving,0.0,26.68711,-78.97702,26.7,-79.0,,5.1,,,,,2.695575019533914
146,2012-03-15,2012.0,3.0,15.0,USA,Florida,"Jensen Beach, Martin County",Surfing,0.0,27.2444691,-80.2252736,27.6,-80.2,23.8,,1.5,6.0,0.5,11.0,39.61191726647019
149,2012-03-24,2012.0,3.0,14.0,USA,Florida,"New Smyrna Beach, Volusia County",Surfing,0.0,29.029722,-80.9237495,28.42,-80.59,25.0,4.6,,,,,75.2043515779445
186,2012-07-14,2012.0,7.0,9.0,AUSTRALIA,Western Australia,Off Wedge Island,Surfing,1.0,-30.82099929,115.206025539,-30.45,114.53,21.3,,,,,,76.71473460907507
214,2012-10-02,2012.0,10.0,12.0,AUSTRALIA,Western Australia,"Mullaloo Beach, Perth",Bodyboarding,0.0,-31.7789,115.7326,-31.9,115.6,16.7,7.7,0.5,4.0,0.5,3.0,18.390838643041853
306,2013-08-18,2013.0,8.0,13.0,USA,Hawaii,Pohoiki,Surfing,0.0,19.45797,-154.84371,19.73,-155.06,26.2,4.1,,,,,37.793327816291644
411,2014-08-06,2014.0,8.0,14.0,USA,South Carolina,"Folly Beach, Charleston County",Boogie boarding,0.0,32.655954,-79.941069,32.68,-79.89,,3.6,,,,,5.477298973147352
663,2016-06-27,2016.0,6.0,16.0,USA,South Carolina,Sullivan's Island,Unknown,0.0,32.762889,-79.83623,32.78,-79.92,28.7,4.1,,,,,8.060025751003504
761,2017-04-14,2017.0,4.0,9.0,USA,Hawaii,"Kekaha Beach, Kauai",Surfing,0.0,21.9642,-159.7089,21.95,-159.36,27.1,0.5,,,,,36.01648929759612
157,2012-05-12,2012.0,5.0,14.0,USA,California,"Leffingwell Landing, Cambria,  San Luis Obispo County",Kayaking / Fishing,0.0,35.5838357,-121.1214314,35.2,-120.9,12.1,,1.0,10.0,1.0,12.0,47.16487527602693
304,2013-08-14,2013.0,8.0,16.0,USA,Hawaii,"Makenat, Maui",Snorkeling,1.0,20.6558129,-156.4382664,20.9,-156.47,26.6,6.7,,,,,27.35210328880239
471,2015-01-19,2015.0,1.0,,USA,Florida,Off Panama City,Fishing,0.0,30.1852107,-85.7308328,30.15,-85.67,15.9,1.0,,,,,7.037757947293088
528,2015-07-02,2015.0,7.0,9.0,AUSTRALIA,New South Wales,East Ballina,Body boarding,0.0,-28.861975125,153.585770216,-28.9,153.8,25.4,9.8,0.5,2.0,1.0,4.0,21.282748733457964
621,2016-03-04,2016.0,3.0,,USA,Florida,"Ocean Reef Park, Singer Island, Palm Beach County",Unknown,0.0,26.79372,-80.03288,26.82,-79.85,25.2,,,,,,18.383692122578005
720,2016-12-01,2016.0,12.0,9.0,AUSTRALIA,New South Wales,Booti Booti National Park,Surfing,0.0,-32.2485946,152.5377067,-32.6,152.8,23.4,15.4,1.5,12.0,1.5,12.0,46.18335746551496
253,2013-03-12,2013.0,3.0,9.0,JAMAICA,St. Catherine,Pillikin Red Light area,Spearfishing,1.0,18.0041868,-76.9726131,18.7,-77.4,,6.2,0.5,6.0,,,89.55901061387036
280,2013-06-15,2013.0,6.0,,USA,Florida,"Atlantic Beach, Duval County",Surfing,0.0,30.3336079,-81.397624,30.4,-81.43,,4.3,,,,,8.009314494486025
424,2014-08-29,2014.0,8.0,16.0,USA,Florida,"Atlantic Beach, Duval County",Unknown,,30.3336079,-81.397624,30.38,-81.45,,,,,,,7.201815219110428
627,2016-03-30,2016.0,3.0,19.0,AUSTRALIA,New South Wales,Bombo Beach,Surfing,0.0,-34.659007,150.854459,-34.2,151.6,24.0,3.6,0.5,3.0,0.5,3.0,85.32590570061392
716,2016-10-29,2016.0,10.0,,USA,Florida,Mayport Naval Station  Duval County,Surfing,0.0,30.394745,-81.410855,30.4,-81.43,23.8,6.2,,,,,1.9269281997407517
727,2016-12-27,2016.0,12.0,17.0,USA,Florida,"Avalon State Park Beach, North Hutchinson Island, St Lucie County",Surfing,0.0,27.5385001,-80.3158739,27.6,-80.2,22.9,,1.5,6.0,,,13.312309679931571
788,2017-06-21,2017.0,6.0,,USA,South Carolina,"South Forest Beach, Hilton Head Island, Beaufort County",Swimming,0.0,32.137155763331,-80.764188065346,32.04,-80.9,28.3,4.1,,,,,16.74543501335559
241,2013-01-21,2013.0,1.0,,AUSTRALIA,Queensland,Bullcock Beach,Dragging stranded shark into deeper water,,-26.8067549,153.1317768,-26.9,153.1,27.2,5.7,,,,,10.83703371006443
623,2016-03-11,2016.0,3.0,13.0,USA,Florida,"Vero Beach, St. Lucie County",Body surfing,0.0,27.638883,-80.38908,27.6,-80.2,23.1,,1.0,5.0,1.0,12.0,19.124070561049294
775,2017-05-27,2017.0,5.0,,AUSTRALIA,New South Wales,Evans Head,Fishing,0.0,-29.112681283,153.42919478,-29.2,153.9,27.0,8.2,1.0,5.0,1.5,6.0,46.73761138507829
67,2011-08-15,2011.0,8.0,,USA,South Carolina,"Myrtle Beach, Horry County",Playing in the surf,0.0,33.68785,-78.883852,33.66,-78.92,28.6,2.1,,,,,4.558436898434041
83,2011-09-04,2011.0,9.0,13.0,USA,Hawaii,"Nimitz State Beach, Oahu",Surfing,0.0,21.439542579,-157.94363193,21.43,-157.79,27.9,5.1,,,,,15.936913125220954
107,2011-11-11,2011.0,11.0,,REUNION,Bois-Blanc,Sainte-Rose,Free diving / spearfishing,0.0,-21.127674183,55.793279252,-20.6,55.3,25.5,9.3,2.0,9.0,1.5,10.0,77.90790003056954
293,2013-07-19,2013.0,7.0,14.0,USA,Alabama,"Gulf Shores, Baldwin County",Walking in surf,0.0,30.272469,-87.68743,30.28,-87.56,,1.0,,,,,12.265545846864958
323,2013-09-29,2013.0,9.0,10.0,USA,Florida,"Melbourne Beach, Brevard County",Surfing,0.0,28.068399,-80.558423,27.86,-80.45,27.6,7.2,,,,,25.50244399392663
96,2011-10-02,2011.0,10.0,,USA,Florida,"Santa Maria Island, Manatee County",Wade fishing,0.0,27.462166597969,-82.660453417369,27.54,-82.74,,6.7,,,,,11.681555462097839
343,2013-11-29,2013.0,11.0,13.0,USA,Hawaii,"Keawekapu Beach, Kihei, Maui",Snorkeling,0.0,20.703902,-156.4461356,20.9,-156.47,25.4,1.5,,,,,21.945785273358496
410,2014-08-05,2014.0,8.0,,USA,Florida,"Cocoa Beach, Brevard  County",Swimming,0.0,28.320224,-80.608867,28.42,-80.59,29.4,5.7,,,,,11.247121209982557
812,2017-08-23,2017.0,8.0,10.0,USA,Massachusetts,"Marconi Beach, Wellfleet, Barnstable County",SUP,0.0,41.8910875,-69.96351,41.8,-70.3,21.0,,0.0,,,,29.65610715011032
615,2016-02-10,2016.0,2.0,,CAYMAN ISLANDS,Grand Cayman,Stingray City Bar,Feeding stingrays?,,19.3147026,-81.1839617,19.2,-80.6,26.3,12.3,1.0,3.0,1.5,5.0,62.61318573885227
679,2016-07-24,2016.0,7.0,19.0,JAPAN,Kochi Prefecture,Irino Beach,Surfing,0.0,33.02381552,133.01005311,33.1,134.0,,5.1,,,,,92.64148828540908
174,2012-06-19,2012.0,6.0,,USA,South Carolina,"Myrtle Beach, Horry County",Standing,,33.68785,-78.883852,33.66,-78.92,27.0,3.1,,,,,4.558436898434041
228,2012-11-27,2012.0,11.0,14.0,AUSTRALIA,Queensland,Mooloolaba,Unknown,,-26.680701789,153.117173326,-26.8,153.1,,,,,,,13.37454657511444
420,2014-08-27,2014.0,8.0,,USA,North Carolina,"Figure Eight Island,  New Hanover County",Surfing,0.0,34.27073,-77.74276,34.21,-77.79,27.8,5.1,,,,,8.028591057061472
526,2015-06-30,2015.0,6.0,18.0,USA,South Carolina,"Isle of Palms County Park, Isle of Palms, Charleston County",Playing in the water,0.0,32.7875771,-79.7870676,32.78,-79.92,29.2,3.1,,,,,12.455570725467512
629,2016-04-07,2016.0,4.0,,USA,Florida,"Florida Keys, Monroe County",Fishing,0.0,24.66709,-81.58314,24.56,-81.81,26.6,3.6,,,,,25.840854408547262
30,2011-05-04,2011.0,5.0,,SOUTH AFRICA,KwaZulu-Natal,Palm Beach,Spearfishing,0.0,-30.9820203,30.2705772,-31.5,30.3,,4.6,0.5,2.0,2.0,10.0,57.66469021027481
331,2013-10-23,2013.0,10.0,15.0,USA,Hawaii,"Waiehu, Maui",Diving,0.0,20.919034,-156.494665,20.9,-156.47,27.7,6.2,,,,,3.3231649197551283
587,2015-11-03,2015.0,11.0,11.0,USA,Hawaii,"Kehena Beach, Hawaii",Swimming,0.0,19.39356,-154.9301,19.73,-155.06,26.8,2.1,,,,,39.809420531130776
736,2017-01-24,2017.0,1.0,13.0,BRAZIL,Pernambuco,"Boa Viagem, Recife",Swimming,0.0,-8.1147257,-34.8917377,-7.6,-34.4,28.0,10.8,1.5,,,,78.80177283326536
779,2017-06-04,2017.0,6.0,,USA,Florida,"Middle Sambo Reef off Boca Chica, Monroe County",Spearfishing,0.0,25.135663737474,-81.519588715928,25.35,-81.1,29.4,,,,,,48.46579184328419
52,2011-06-28,2011.0,6.0,12.0,SOUTH AFRICA,KwaZulu-Natal,Aliwal Shoal,Scuba diving,0.0,-30.26041,30.82509,-30.4,30.7,25.0,7.7,1.0,3.0,1.5,4.0,19.62290505262404
75,2011-08-24,2011.0,8.0,15.0,USA,North Carolina,Holden Beach. Brunswick County,Unknown,0.0,33.915334,-78.264155,33.8,-78.5,,8.0,,,,,25.273266587715856
76,2011-08-24,2011.0,8.0,,USA,North Carolina,"Buxton Beach, Dare County",Surfing,0.0,35.26889,-75.539467,35.21,-75.7,26.4,2.1,,,,,15.982401023619554
160,2012-05-23,2012.0,5.0,15.0,USA,Florida,"Jacksonville, Duval County",Surfing,0.0,30.325968,-81.65676,30.4,-81.43,,2.7,,,,,23.261485200845883
237,2012-12-31,2012.0,12.0,14.0,USA,Florida,"Jensen Beach, Martin County",Swimming,0.0,27.2444691,-80.2252736,27.6,-80.2,22.6,,1.5,6.0,0.5,11.0,39.61191726647019
275,2013-05-27,2013.0,5.0,,USA,Hawaii,"Halewia, Oahu",Diving,0.0,21.592989,-158.10343,21.7,-158.1,25.4,,1.5,8.0,0.5,11.0,11.904378519257786
451,2014-11-10,2014.0,11.0,6.0,AUSTRALIA,New South Wales,Moonee Beach,Surfing,0.0,-30.208476167,153.1531743,-30.7,154.0,25.4,10.3,2.0,8.0,2.0,8.0,97.85648798303474
465,2015-01-01,2015.0,1.0,,USA,Florida,"Windsor Beach, Indian River County",Unknown,0.0,27.788649831934,-80.41580966394,27.86,-80.45,,6.7,,,,,8.616826507691558
778,2017-06-02,2017.0,6.0,12.0,BAHAMAS,New Providence,Athol Island,Snorkeling,0.0,25.08333,-77.26667,25.1,-77.3,25.4,11.8,1.0,10.0,,,3.834220665223694
804,2017-07-27,2017.0,7.0,,BAHAMAS,New Providence District,Rose Island,Snorkeling,0.0,25.10592,-77.15132,25.6,-77.4,29.0,9.3,,,,,60.35524185366818
816,2017-08-29,2017.0,8.0,10.0,AUSTRALIA,Victoria,Cathedral Rock,Surfing,0.0,-38.56716,143.96914,-38.3,144.7,12.7,9.8,,,,,70.24960343434829
224,2012-11-04,2012.0,11.0,8.0,USA,Hawaii,"Makena Landing, Maui",Diving,0.0,20.6539039,-156.4411031,20.9,-156.47,25.9,4.1,,,,,27.529096578783037
255,2013-03-16,2013.0,3.0,,SOUTH AFRICA,Western Cape Province,Hawston Beach,Surfing,0.0,-34.38634,19.13099,-34.2,18.2,21.0,3.6,3.0,5.0,,,87.99964316366093
352,2014-01-04,2014.0,1.0,,JAPAN,Okinawa Prefecture,Off Miyako Island,Sea disaster,0.0,24.78333,125.33333,24.3,126.0,25.0,8.7,,,,,86.23008748834464
396,2014-07-03,2014.0,7.0,18.0,USA,South Carolina,"Isle of Palms, Charleston County",Body surfing,0.0,32.7884238,-79.7877544,32.78,-79.92,28.9,7.7,,,,,12.398212414067538
461,2014-12-28,2014.0,12.0,11.0,USA,California,"Montaña de Oro State Park, San Luis Obispo County",Surfing,0.0,35.2639,-120.8622,35.2,-120.9,15.1,,0.5,10.0,0.5,14.0,7.89135291441751
735,2017-01-22,2017.0,1.0,14.0,USA,Florida,"Vero Beach, Indian River County",Unknown,0.0,27.638883,-80.38908,27.6,-80.2,24.6,,1.0,4.0,0.5,11.0,19.124070561049294
801,2017-07-23,2017.0,7.0,,USA,New Jersey,Ventnor,Unknown,0.0,39.34039,-74.47737,39.36,-74.42,24.3,,,,,,5.393432236894757
18,2011-03-10,2011.0,3.0,,AUSTRALIA,New South Wales,"Tallow Beach, Byron Bay",Surfing,0.0,-28.646118,153.631348,-27.9,153.8,,5.1,1.5,7.0,2.5,9.0,84.5925963117148
180,2012-06-26,2012.0,6.0,15.0,USA,Florida,"New Smyrna Beach, Volusia County",Surfing,0.0,29.029722,-80.9237495,28.9,-80.2,27.0,13.0,2.0,6.0,,,71.87321464503225
435,2014-10-02,2014.0,10.0,17.0,USA,California,"Walls Beach, Vandenberg AFB, Santa Barbara County",Surfing,0.0,34.747675195913,-120.518949481514,34.58,-120.65,,3.1,,,,,22.164817974859087
601,2015-12-25,2015.0,12.0,,SPAIN,Grand Canary Island,"Arinaga Beach, Aguimes, Gran Canaria",Swimming,0.0,27.8557982,-15.39277,28.1,-15.4,20.5,4.0,,,,,27.163324027812365
693,2016-09-04,2016.0,9.0,,USA,Florida,"New Smyrna Beach, Volusia County",Body boarding,0.0,29.029722,-80.9237495,28.42,-80.59,29.0,4.6,,,,,75.2043515779445
82,2011-09-04,2011.0,9.0,13.0,AUSTRALIA,Western Australia,Bunker Bay,Body boarding,1.0,-33.5435704,115.033001,-33.4,114.6,,9.3,,,,,43.21915994426546
137,2012-02-26,2012.0,2.0,14.0,USA,Florida,"Palm Beach Inlet, Palm Beach County",Kite Surfing,0.0,26.77229,-80.03726,26.61,-80.03,23.5,8.7,,,,,18.060260677355
208,2012-09-08,2012.0,9.0,12.0,USA,Florida,"Lori Wilson Park, Cocoa Beach, Brevard  County",Surfing,0.0,28.3418745,-80.6069311,28.42,-80.59,28.3,5.7,,,,,8.843672490557694
238,2013-01-05,2013.0,1.0,10.0,AUSTRALIA,Western Australia,Near Legendre Island,Spearfishing / Free diving,0.0,-20.38811,116.8805,-19.6,117.2,,1.0,,,,,93.77784372376797
300,2013-07-31,2013.0,7.0,8.0,USA,Hawaii,"Ulua Beach, Maui",Snorkeling,0.0,20.6903,-156.4436,20.9,-156.47,26.7,7.7,,,,,23.47855027693358
437,2014-10-03,2014.0,10.0,14.0,USA,California,Santa Barbara County,Kayaking,0.0,34.538263714677,-120.030793894701,34.3,-119.9,20.1,3.0,,,,,29.083612637621155
661,2016-06-23,2016.0,6.0,,SOUTH AFRICA,Western Cape Province,Ryspunt,Spearfishing,0.0,-34.60931,20.32919,-35.27,21.0,16.1,,,,,,95.58202074852781
743,2017-02-25,2017.0,2.0,,AUSTRALIA,Western Australia,Mauds Point,Snorkeling,0.0,-23.1,113.75,-22.8,113.2,,6.7,,,,,65.45469286514978
239,2013-01-13,2013.0,1.0,,NEW ZEALAND,Mercury Islands,Great Mercury Island,Spearfishing,0.0,-36.61667,175.8,-36.8,176.1,18.0,6.0,,,,,33.62675524698966
429,2014-09-06,2014.0,9.0,13.0,USA,Alabama,"Katrina Cut, Dauphin Island, Mobile County",Fishing,0.0,30.2552219,-88.1126401,30.25,-88.08,,1.0,,,,,3.1884547069004903
557,2015-09-06,2015.0,9.0,17.0,USA,California,"El Pescador Beach, Los Angeles County",Stand-Up Paddleboarding,0.0,34.040330777847,-118.89204057495,33.9,-118.6,21.8,,1.0,5.0,1.0,18.0,31.125155804280702
630,2016-04-07,2016.0,4.0,,USA,Florida,"Corners Beach, Jupiter, Palm Beach County",SUP,,26.942207558808,-80.080291407193,26.61,-80.03,24.9,4.1,,,,,37.27570256997902
639,2016-05-02,2016.0,5.0,,NEW ZEALAND,North Island,Cormandel,Fishing,0.0,-41.1365449,174.83883,-41.3,174.8,,,,,,,18.463303386243684
163,2012-06-02,2012.0,6.0,,USA,Florida,"Bethune Beach, Volusia County",Surfing,0.0,28.9485103,-80.838487,28.42,-80.59,26.9,4.1,,,,,63.570452388582574
244,2013-02-01,2013.0,2.0,,JAMAICA,Kingston Parish,Pedro Cays,Unknown,0.0,17.96667,-76.8,17.8,-76.8,28.0,4.6,0.5,99.0,2.0,7.0,18.532887513251843
308,2013-08-25,2013.0,8.0,17.0,USA,Florida,"Winterhaven Park,           Ponce Inlet, Volusia County",Boogie boarding,0.0,29.1046962,-80.9416217,29.2,-80.3,,3.6,0.5,3.0,0.5,6.0,63.20240047375564
354,2014-01-26,2014.0,1.0,,AUSTRALIA,New South Wales,Umina Beach,Fishing,0.0,-33.517377822,151.315083629,-33.8,151.2,22.0,2.6,1.0,1.0,1.0,1.0,33.18219728897659
448,2014-10-29,2014.0,10.0,18.0,AUSTRALIA,New South Wales,Wallabi Point,Surfing,0.0,-31.994860771,152.57131187,-32.0,153.0,22.0,9.3,1.0,4.0,1.5,13.0,40.429918763667686
456,2014-11-29,2014.0,11.0,6.0,AUSTRALIA,Western Australia,"Pyramids Beach, Port Bouvard",Surfing,0.0,-32.6036296,115.6310248,-32.2,115.7,20.8,8.2,,,,,45.34638132803379
578,2015-10-17,2015.0,10.0,19.0,USA,Hawaii,"Waikiki,",Surfing,,21.284823,-157.832452,21.3,-157.87,27.6,3.1,,,,,4.240439324688251
671,2016-07-15,2016.0,7.0,17.0,USA,California,"Surfside, Orange County",Kite surfing,0.0,33.72762,-118.082212,33.73,-118.19,,6.7,,,,,9.971550972310908
706,2016-09-26,2016.0,9.0,9.0,AUSTRALIA,New South Wales,"Lighthouse Beach, Ballina",Surfing,0.0,-28.87262,153.589881,-28.8,153.9,,5.7,,,,,31.268423824727844
135,2012-02-20,2012.0,2.0,,SOUTH AFRICA,Western Cape Province,Strandfontein,Fishing,0.0,-34.0731,18.56119,-33.8,18.4,,3.1,0.5,9.0,0.0,0.0,33.81279304512687
258,2013-03-31,2013.0,3.0,,AUSTRALIA,New South Wales,Terrigal Beach,Surfing,,-33.4462,151.4447,-33.6,152.2,23.4,8.2,,,,,72.07391670060525
309,2013-08-29,2013.0,8.0,,USA,California,Catalina Channel,Marathon swimming,,33.58336,-118.38424,33.6,-118.3,18.8,,0.5,4.0,0.5,18.0,8.0191686818162
325,2013-10-06,2013.0,10.0,8.0,USA,California,"Bunkers, Humboldt Bay, Eureka, Humboldt County",Surfing,0.0,40.741892,-124.210936,40.77,-124.22,,3.8,,,,,3.2173664085693545
341,2013-11-22,2013.0,11.0,10.0,USA,Oregon,"Gleneden Beach, Lincoln County",Surfing,0.0,44.883959,-124.034901,44.63,-124.04,9.8,9.3,,,,,28.241866659289105
409,2014-08-02,2014.0,8.0,,USA,Florida,"South of Cocoa Beach, Brevard County",Surfing,0.0,28.278673,-80.606758,28.42,-80.59,29.7,1.5,,,,,15.800205647056737
511,2015-06-14,2015.0,6.0,16.0,USA,North Carolina,"Oak Island, Brunswick County",Wading,0.0,33.912201,-78.106028,33.91,-78.15,27.9,4.1,,,,,4.065166433924602
703,2016-09-18,2016.0,9.0,11.0,USA,Florida,"New Smyrna Beach, Volusia County",Surfing,0.0,29.029722,-80.9237495,28.42,-80.59,29.4,1.0,,,,,75.2043515779445
729,2017-01-03,2017.0,1.0,18.0,AUSTRALIA,New South Wales,Merimbula,Wading,,-36.887418812,149.922226048,-36.9,150.7,22.7,8.7,,,,,69.18010586370465
458,2014-12-15,2014.0,12.0,11.0,AUSTRALIA,Queensland,Rudder Reef,Spearfishing,1.0,-16.2,145.71667,-16.0,145.8,,3.6,,,,,23.954705674799012
510,2015-06-14,2015.0,6.0,17.0,USA,North Carolina,"Oak Island, Brunswick County",Wading,0.0,33.912201,-78.106028,33.91,-78.15,27.9,4.1,,,,,4.065166433924602
637,2016-04-23,2016.0,4.0,17.0,USA,Florida,"New Smyrna Beach, Volusia County",Surfing,0.0,29.029722,-80.9237495,28.42,-80.59,24.1,6.2,,,,,75.2043515779445
796,2017-07-14,2017.0,7.0,18.0,USA,Washington,"South Beach, Westport, Grays Harbor County",Surfing,0.0,46.951674091798,-123.819700901536,46.9,-124.11,13.3,1.5,,,,,22.781825252348803
226,2012-11-19,2012.0,11.0,17.0,USA,Florida,"Melbourne Beach, Brevard County",Surfing,0.0,28.068399,-80.558423,28.4,-80.5,20.6,,1.0,9.0,0.5,11.0,37.31396232992561
240,2013-01-16,2013.0,1.0,16.0,USA,Hawaii,Kiholo Bay,Surfing,0.0,19.8500336,-155.9410579,20.04,-155.83,26.3,1.0,,,,,24.10290418650049
389,2014-06-09,2014.0,6.0,9.0,AUSTRALIA,South Australia,"Parsons Beach,  Fleurieu Peninsula",Body boarding,0.0,-34.751583379,137.480916284,-35.2,138.1,15.2,,,,0.5,1.0,75.28491284773354
522,2015-06-26,2015.0,6.0,11.0,USA,South Carolina,"South Beach, Hunting Island State Park, Beaufort County",Standing,0.0,32.3708,-80.4375,32.3,-80.4,,6.0,,,,,8.625023927011616
563,2015-09-20,2015.0,9.0,16.0,USA,Florida,"New Smyrna Beach, Volusia County",Surfing,0.0,29.029722,-80.9237495,28.42,-80.59,27.9,5.1,,,,,75.2043515779445
62,2011-07-19,2011.0,7.0,17.0,USA,North Carolina,"Ocracoke Island, Hyde County",Boogie Boarding,0.0,35.13212,-75.90517,35.21,-75.7,28.1,3.6,,,,,20.561485399922674
168,2012-06-14,2012.0,6.0,,USA,South Carolina,"Myrtle Beach, Horry County",Swimming,0.0,33.68785,-78.883852,33.8,-78.5,,5.0,,,,,37.6187637381056
198,2012-08-26,2012.0,8.0,,BRAZIL,Pernambuco,"Coral Cove, Cabo de Santo Agostinho",Swimming,1.0,-8.287369,-35.035105,-8.15,-34.57,,6.0,2.5,10.0,,,53.416739808776185
212,2012-09-24,2012.0,9.0,,USA,Florida,"Spanish House Beach, Brevard County",Surfing,0.0,28.260537,-80.604742,28.4,-80.6,,2.1,,,,,15.514546420607275
375,2014-05-06,2014.0,5.0,15.0,USA,South Carolina,"Coligny Beach, Hilton Head, Beaufort County",Swimming,0.0,32.14159,-80.751068,32.04,-80.9,18.1,3.1,,,,,18.01256610105722
423,2014-08-29,2014.0,8.0,,USA,Florida,"Ponce Inlet, Volusia County",Surfing,0.0,29.0970105,-80.9357379,29.66,-81.23,,4.6,,,,,68.78897881216815
446,2014-10-20,2014.0,10.0,8.0,USA,Hawaii,"Kahului, Maui",Stand-Up Paddleboarding,0.0,20.8880335,-156.4678501,20.9,-156.47,26.5,6.7,,,,,1.3492291881321063
4,2011-01-12,2011.0,1.0,,MEXICO,Quintana Roo,Xcalak,Attempting to fix motor,0.0,18.277243056,-87.857136111,18.0,-87.5,26.0,10.3,1.5,4.0,1.5,5.0,48.72934431855407
145,2012-03-14,2012.0,3.0,16.0,USA,Florida,"New Smyrna Beach, Volusia County",Surfing,0.0,29.029722,-80.9237495,28.42,-80.59,22.3,1.5,,,,,75.2043515779445
264,2013-04-13,2013.0,4.0,13.0,USA,Florida,"New Smyrna Beach, Volusia County",Surfing,0.0,29.029722,-80.9237495,28.42,-80.59,24.2,2.6,,,,,75.2043515779445
272,2013-05-08,2013.0,5.0,,USA,California,"Tourmaline Surf Park, San Diego County",Surfing,,32.805066,-117.262228,32.87,-117.26,18.6,4.1,,,,,7.223342559049316
336,2013-10-31,2013.0,10.0,15.0,USA,Hawaii,"Kanaha Beach, Maui",Kiteboarding,0.0,20.8970291,-156.4605383,20.9,-156.47,26.5,6.2,,,,,1.0369119783076484
361,2014-03-18,2014.0,3.0,17.0,AUSTRALIA,New South Wales,Lennox Head,Unknown,,-28.813397609,153.596179398,-29.0,153.9,,,,,,,36.1270700384517
560,2015-09-18,2015.0,9.0,19.0,USA,Florida,"Big Talbot Island, Duval County",Swimming,0.0,30.502624,-81.450598,30.4,-81.43,26.5,8.7,,,,,11.58084360278799
683,2016-07-29,2016.0,7.0,11.0,SPAIN,Alicante Province,Arenales del Sol,Swimming,0.0,38.25662,-0.51846,38.0,-0.3,,,,,,,34.34203235273145
53,2011-06-29,2011.0,6.0,10.0,BRAZIL,Pernambuco,Praia do Pina,Surfing,0.0,-8.095247,-34.882149,-8.5,-34.6,27.0,5.1,1.5,7.0,1.5,9.0,54.675289869403706
126,2012-01-03,2012.0,1.0,20.0,AUSTRALIA,New South Wales,North Avoca Beach,Surfing,0.0,-33.457302908629,151.439564941063,-33.6,151.8,23.0,17.0,3.0,4.0,,,36.986334705470476
202,2012-09-02,2012.0,9.0,18.0,USA,Florida,"New Smyrna Beach, Volusia County",Boogie boarding,0.0,29.029722,-80.9237495,28.42,-80.59,28.3,1.5,,,,,75.2043515779445
373,2014-05-01,2014.0,5.0,15.0,USA,Florida,"New Smyrna Beach, Volusia County",Surfing,0.0,29.029722,-80.9237495,28.42,-80.59,25.4,3.1,,,,,75.2043515779445
463,2014-12-29,2014.0,12.0,,AUSTRALIA,New South Wales,Bherwerre Beach,Surfing,0.0,-35.157869440489,150.650165222341,-35.1,150.9,,12.3,,,,,23.614095857665706
484,2015-03-18,2015.0,3.0,11.0,USA,Hawaii,Hapuna Beach,Standing / Snorkeling,0.0,19.9923,-155.8257,20.04,-155.83,25.5,4.6,,,,,5.322998723213247
488,2015-04-03,2015.0,4.0,,USA,Florida,"3 miles off Jupiter, Palm Beach County",Spearfishing,0.0,26.9341448,-80.0997362,26.61,-80.03,25.4,5.1,,,,,36.702174295073306
618,2016-02-22,2016.0,2.0,19.0,NEW CALEDONIA,South Province,"Ricaudy Reef, Noumea",Kite surfing,0.0,-22.27407,166.44884,-22.2,166.4,30.0,7.7,,,,,9.649076175002708
742,2017-02-24,2017.0,2.0,,AUSTRALIA,Western Australia,"Falcon Bay Beach, Mandurah",Surfing,0.0,-32.58244,115.66199,-31.9,115.6,21.9,10.3,2.0,3.0,4.0,7.0,76.10761426128512
265,2013-04-14,2013.0,4.0,,SOUTH AFRICA,Western Cape Province,False Bay,Free diving,0.0,-34.17286,18.66443,-34.6,18.2,14.5,6.7,1.0,2.0,1.0,2.0,63.81303365436414
377,2014-05-11,2014.0,5.0,,USA,Georgia,"Tybee Island, Chatham County",Surfing,0.0,31.99241,-80.849252,32.04,-80.9,20.1,1.0,,,,,7.134112069374197
570,2015-10-05,2015.0,10.0,13.0,USA,Florida,"Pepper Park Beach, St. Lucie County",Body boarding,0.0,27.495976,-80.300539,27.6,-80.2,28.1,,1.0,10.0,1.0,11.0,15.232907329213129
659,2016-06-21,2016.0,6.0,14.0,USA,Florida,"Pelican Beach Park, Satellite Beach, Brevard County",Wading,0.0,28.1831466,-80.5913689,28.4,-80.5,28.4,,1.0,10.0,,,25.719099460005943
262,2013-04-04,2013.0,4.0,,USA,Florida,"Jensen Beach, Martin County",Swimming,0.0,27.2444691,-80.2252736,27.6,-80.2,22.2,,1.0,5.0,,,39.61191726647019
345,2013-12-02,2013.0,12.0,9.0,USA,Hawaii,"Between  Makena & Molokini, Maui",Kayaking / Fishing,1.0,20.6558129,-156.4382664,20.9,-156.47,25.7,2.1,,,,,27.35210328880239
529,2015-07-03,2015.0,7.0,9.0,AUSTRALIA,New South Wales,Lennox Head,Surfing,0.0,-28.813397609,153.596179398,-28.4,153.9,24.0,9.8,,,,,54.70562641376174
645,2016-05-22,2016.0,5.0,12.0,USA,Florida,"Vero Beach, Indian River County",Swimming,0.0,27.638883,-80.38908,27.6,-80.2,27.4,,0.5,8.0,,,19.124070561049294
667,2016-07-07,2016.0,7.0,10.0,USA,Massachusetts,"Off Gloucester, Essec County",Fishing,0.0,42.616135,-70.66893,42.5,-70.6,18.1,,0.5,7.0,,,14.09384790965382
695,2016-09-05,2016.0,9.0,,USA,South Carolina,"Kingston Plantation, Myrtle Beach, Horry County",Boogie boarding,0.0,33.77156218729,-78.776892695834,33.66,-78.92,26.9,4.6,,,,,18.140783859543678
279,2013-06-14,2013.0,6.0,,USA,South Carolina,"Myrtle Beach, Horry County",Boogie Boarding,0.0,33.68785,-78.883852,33.66,-78.92,25.4,5.1,,,,,4.558436898434041
643,2016-05-21,2016.0,5.0,18.0,USA,Florida,"St. Petersburg, Pinellas County",Swimming,0.0,27.77086,-82.67927,27.76,-82.63,28.6,4.1,,,,,4.9959304770858175
675,2016-07-17,2016.0,7.0,,USA,Alabama,8 miles off Mobile,Fishing,0.0,30.763487,-88.1269874,30.71,-88.04,,,,,,,10.222141286549698
749,2017-03-19,2017.0,3.0,18.0,AUSTRALIA,New South Wales,The Farm,Body boarding,0.0,-33.6979556,150.3087928,-33.8,151.2,25.0,5.1,0.0,0.0,,,83.1751800243399
791,2017-07-07,2017.0,7.0,15.0,SOUTH AFRICA,Eastern Cape Province,"Nahoon Reef, East London",Surfing,0.0,-33.01529,27.91162,-33.8,27.5,24.0,3.1,1.5,6.0,3.0,12.0,95.25423695217798
68,2011-08-16,2011.0,8.0,15.0,FRENCH POLYNESIA,Society Islands,"Teahupoo, Tahiti",Surfing,0.0,-17.84645,-149.26682,-17.5,-149.5,27.6,4.1,,,,,45.76445118060412
129,2012-01-18,2012.0,1.0,16.0,AUSTRALIA,New South Wales,Redhead Beach,Surfing,0.0,-33.02048,151.70915,-33.3,152.1,24.8,7.7,,,,,47.85127159806611
291,2013-07-15,2013.0,7.0,14.0,REUNION,Saint-Paul,Le cimetière marin,Swimming & snorkeling,1.0,-21.0145158,55.2611012,-21.36,55.91,23.9,,,,,,77.47240748206987
432,2014-09-13,2014.0,9.0,18.0,USA,California,"Manresa State Beach, Santa Cruz County",Surfing,,36.9097687,-121.8481123,36.8,-121.9,17.1,,0.5,10.0,0.5,11.0,13.049651959362656
497,2015-05-07,2015.0,5.0,15.0,USA,Florida,"Cocoa Beach, Brevard  County",Swimming,0.0,28.320224,-80.608867,28.42,-80.59,24.6,2.1,,,,,11.247121209982557
45,2011-06-12,2011.0,6.0,14.0,USA,Florida,"Off Jupiter Inlet, Palm Beach County",Scuba diving,0.0,26.94895,-80.07476,26.61,-80.03,28.7,5.7,,,,,37.95058754233875
84,2011-09-11,2011.0,9.0,,PAPUA NEW GUINEA,Central Province,"Hula, near Port Moresby",Kite Surfing,0.0,-10.09459,147.72766,-10.41,148.33,24.7,,,,,,74.65843837136093
110,2011-11-22,2011.0,11.0,,USA,California,Pigeon Point,Kayaking,0.0,36.32635,-121.5041,36.6,-121.9,12.7,,0.5,10.0,0.5,11.0,46.683551647965565
419,2014-08-27,2014.0,8.0,15.0,USA,South Carolina,"Surfside Beach, Horry  County",Standing,0.0,33.608745,-78.97702,33.66,-78.92,27.3,3.1,,,,,7.768453936441722
485,2015-03-21,2015.0,3.0,,EGYPT,Red Sea Protectorate,Marsa Alam,Swimming,1.0,25.068251,34.8898818,25.1,35.8,23.5,7.2,,,,,91.72386267057726
532,2015-07-08,2015.0,7.0,,USA,California,"Huntington Beach, Orange County",Treading water,,33.659775,-117.999313,33.7,-118.2,16.6,,0.5,6.0,0.5,14.0,19.10082142392891
628,2016-03-31,2016.0,3.0,11.0,USA,Hawaii,"Olowalu, Maui",Snorkeling,0.0,20.81136,-156.622548,20.9,-156.47,,5.5,,,,,18.665687404337508
120,2011-12-21,2011.0,12.0,,USA,Hawaii,"Makahuena Point, Kauai",Canoeing,0.0,21.86861,-159.44436,21.95,-159.36,25.3,,,,,,12.555733105042087
200,2012-08-31,2012.0,8.0,,SCOTLAND,Inner Hebrides,Off the Isle of Islay,Shark fishing,0.0,56.667265224,-6.278532964,56.7,-6.3,,,,,,,3.8688763123668486
220,2012-10-19,2012.0,10.0,,USA,Florida,"Seaport, Brevard County",Unknown,0.0,28.300351108222,-80.70119487572,28.42,-80.59,27.3,4.6,,,,,17.18685896551854
101,2011-10-19,2011.0,10.0,16.0,AUSTRALIA,Victoria,Elwood Beach,Diving,0.0,-37.89023,144.98456,-37.9,144.9,,13.4,,,,,7.499087435885681
213,2012-09-25,2012.0,9.0,16.0,USA,Florida,"Melbourne Beach, Brevard County",Surfing,0.0,28.068399,-80.558423,28.3,-80.5,,1.0,,,,,26.381809256484804
672,2016-07-15,2016.0,7.0,,USA,South Carolina,"North Myrtle Beach, Horry County",Swimming,0.0,33.8074384,-78.7152584,33.8,-78.5,29.4,10.0,,,,,19.906500637490694
204,2012-09-04,2012.0,9.0,7.0,USA,Florida,"Melbourne Beach, Brevard County",Surfing,0.0,28.068399,-80.558423,28.3,-80.3,,4.6,,,,,36.12110062256796
302,2013-08-11,2013.0,8.0,17.0,USA,South Carolina,Folly Beach,Surfing,0.0,32.655954,-79.941069,32.69,-79.89,,3.1,,,,,6.097617925000881
397,2014-07-05,2014.0,7.0,9.0,USA,California,"Manhattan Beach, Los Angeles County",Swimming,0.0,33.885092,-118.40971,34.01,-118.5,21.7,1.0,,,,,16.194837176340528
537,2015-07-23,2015.0,7.0,,USA,California,"La Jolla, San Diego County",Kayak Fishing,0.0,32.8419914,-117.2730168,32.87,-117.26,22.8,1.5,,,,,3.3433446309201016
583,2015-10-28,2015.0,10.0,14.0,USA,Hawaii,"Malaka, Oahu",Body boarding,0.0,21.318546,-157.87481,21.31,-157.87,,5.4,,,,,1.0729807091457522
246,2013-02-10,2013.0,2.0,14.0,USA,Florida,"Stuart Rocks, Martin County",Surfing,0.0,27.211719279555,-80.261725176396,27.6,-80.2,23.0,,1.0,6.0,0.5,11.0,43.60275683653341
318,2013-09-12,2013.0,9.0,13.0,USA,Florida,"New Smyrna Beach,  Volusia County",Surfing,0.0,29.029722,-80.9237495,28.42,-80.59,29.6,1.0,,,,,75.2043515779445
513,2015-06-19,2015.0,6.0,,PUERTO RICO,Unknown,Off Cabo Rojo,Spearfishing,0.0,18.023145822149,-67.185767947551,17.97,-67.05,28.8,1.0,,,,,15.52670316251246
551,2015-08-29,2015.0,8.0,10.0,USA,California,"Morro Bay, San Luis Obispo County",Surfing,0.0,35.365945,-120.850004,35.2,-120.9,17.4,,0.5,10.0,1.0,14.0,19.00212549341363
607,2016-01-24,2016.0,1.0,,UNITED ARAB EMIRATES,Fujairah Emirate,35 miles off Fujairah,Fishing,0.0,25.11641,56.34141,25.3,56.5,26.0,2.6,,,,,25.90958787226918
704,2016-09-18,2016.0,9.0,13.0,USA,Florida,"New Smyrna Beach, Volusia County",Surfing,0.0,29.029722,-80.9237495,28.42,-80.59,29.4,1.0,,,,,75.2043515779445
782,2017-06-10,2017.0,6.0,10.0,USA,Florida,"Ponce Inlet, Volusia County",Surfing,0.0,29.0970105,-80.9357379,29.66,-81.22,,3.6,,,,,68.39304608489897
182,2012-07-06,2012.0,7.0,16.0,SOUTH AFRICA,Western Cape Province,"Sandstrand, Jongensfontein",Surfing,0.0,-34.42562,21.33995,-34.8,21.3,13.0,10.8,1.0,10.0,1.5,10.0,41.789453298678296
185,2012-07-08,2012.0,7.0,17.0,USA,North Carolina,"North Topsail Beach, Onslow County",Swimming,0.0,34.4710769,-77.4666599,34.5,-77.3,27.6,,1.0,6.0,,,15.610055441120753
335,2013-10-28,2013.0,10.0,,AUSTRALIA,Western Australia,Turquoise Bay,Snorkeling,0.0,-22.0984963,113.888643,-21.65,114.68,24.6,,,,,,95.68343458396909
400,2014-07-12,2014.0,7.0,,USA,North Carolina,"Masonboro Island, New Hanover County",Body surfing,0.0,34.12545,-77.85804,34.16,-77.85,,2.1,,,,,3.9123952238621587
404,2014-07-20,2014.0,7.0,,SPAIN,Canary Islands,"Teresita, Santa Cruz, Tenerife",Wading,0.0,28.5070446,-16.1893959,28.8,-16.8,23.0,7.7,,,,,67.90474070153199
439,2014-10-05,2014.0,10.0,11.0,USA,Florida,"New Smyrna Beach, Volusia County",Surfing,0.0,29.029722,-80.9237495,29.6,-80.7,,4.1,1.0,2.0,1.5,3.0,67.02021990684956
482,2015-03-11,2015.0,3.0,,AUSTRALIA,New South Wales,"Julian Rocks, Byron Bay",Fishing,0.0,-28.631810047003,153.585764536078,-28.0,153.8,29.0,9.8,1.5,8.0,1.0,9.0,73.31744020749639
533,2015-07-10,2015.0,7.0,8.0,USA,California,"Huntington Beach, Orange County",Surfing,0.0,33.659775,-117.999313,33.7,-118.2,18.4,,0.5,10.0,0.5,17.0,19.10082142392891
130,2012-01-18,2012.0,1.0,,TAIWAN,Taitung,Taimali,Fishing,0.0,22.6155427,121.0076274,22.98,121.7,23.8,,,,,,81.72890996213366
169,2012-06-14,2012.0,6.0,,USA,South Carolina,"Myrtle Beach, Horry County",Swimming,0.0,33.68785,-78.883852,33.8,-78.5,,5.0,,,,,37.6187637381056
398,2014-07-05,2014.0,7.0,7.0,USA,California,"Oceano Dunes State Beach, San Luis Obispo County",Surfing,0.0,35.1063406,-120.6315547,35.17,-120.75,16.2,3.6,,,,,12.88831834897313
447,2014-10-22,2014.0,10.0,10.0,USA,Hawaii,"Kihei, Maui",Stand-Up Paddleboarding,0.0,20.7814563,-156.4626867,20.9,-156.47,27.1,3.6,,,,,13.203369923688497
483,2015-03-16,2015.0,3.0,10.0,FRENCH POLYNESIA,Bora Bora,Anau,Hand feeding sharks,0.0,-16.4914608,-151.7250209,-16.5,-151.7,30.0,7.7,1.0,5.0,,,2.8316329746237088
539,2015-07-26,2015.0,7.0,19.0,USA,Florida,"Daytona Beach, Volusia County",Surfing,0.0,29.2070854,-81.0207257,29.66,-81.23,,3.6,,,,,54.28677642595942
545,2015-08-18,2015.0,8.0,7.0,USA,California,Santa Barbara County,Kayak Fishing,0.0,34.538263714677,-120.030793894701,34.3,-119.9,20.8,5.0,,,,,29.083612637621155
548,2015-08-20,2015.0,8.0,12.0,USA,South Carolina,"Murrells Inlet, Georgetown County",Surfing,0.0,33.551824,-79.048357,33.66,-78.92,28.6,1.5,,,,,16.91134208276834
562,2015-09-20,2015.0,9.0,15.0,USA,Hawaii,"Upolu Point, North Kohala, Big Island",Spearfishing,0.0,20.13195,-155.79389,20.04,-155.83,30.4,3.1,,,,,10.897655021146694
631,2016-04-09,2016.0,4.0,10.0,NEW CALEDONIA,Grand Terre,Poe Beach,Walking,1.0,-21.307791316,165.701841842,-21.8,166.5,29.0,7.7,,,,,99.04101702597674
723,2016-12-11,2016.0,12.0,,USA,Florida,"New Smyrna Beach, Volusia County",Surfing,,29.029722,-80.9237495,28.42,-80.59,21.5,6.2,,,,,75.2043515779445
187,2012-07-19,2012.0,7.0,,CANADA,British Colombia,"Tofino, Vancouver",Surfing,,49.261636,-123.11335,49.3,-123.7,18.5,3.0,0.0,4.0,,,42.76780522781653
225,2012-11-04,2012.0,11.0,8.0,USA,Hawaii,"Davidson's Surf Break, Kekaha, Kaua'i",Surfing,0.0,21.966609,-159.713613,21.95,-159.36,27.2,,,,,,36.51433621970484
248,2013-02-21,2013.0,2.0,18.0,USA,Hawaii,"Ka'anapali, Honokowai, Maui",Surfing,0.0,20.94811,-156.6919,20.9,-156.47,22.9,6.2,,,,,23.659760862992368
474,2015-01-27,2015.0,1.0,3.0,USA,Hawaii,Lahaina,Shark fishing,0.0,20.877113,-156.681325,20.8,-156.6,24.5,5.1,0.0,0.0,,,12.039513688959879
477,2015-02-08,2015.0,2.0,6.0,AUSTRALIA,New South Wales,"Seven Mile Beach, Byron Bay",Surfing,0.0,-28.718553516768,153.611916298523,-28.7,154.0,27.2,6.2,,,1.5,10.0,37.904307166700164
506,2015-06-05,2015.0,6.0,,USA,Florida,Fort Lauderdale,Attempting to rescue a shark,0.0,26.1241631,-80.1435862,26.09,-80.11,,4.6,,,,,5.067268526424567
709,2016-10-10,2016.0,10.0,16.0,USA,Oregon,"Indian Beach, Ecola State Park, Clatsop County",Surfing,0.0,45.915970433933,-123.96670956689,46.2,-124.1,13.0,5.0,,,,,33.21513283924981
151,2012-04-03,2012.0,4.0,12.0,USA,Hawaii,"Leftovers near Chun's Reef, Oahu",Surfing,0.0,21.439542579,-157.94363193,21.43,-157.79,25.7,3.6,,,,,15.936913125220954
276,2013-05-27,2013.0,5.0,,USA,Florida,"Ormond Beach, Volusia County",Swimming,0.0,29.2774764,-81.0417589,29.66,-81.22,,4.1,,,,,45.901530978728566
338,2013-11-07,2013.0,11.0,,USA,New Jersey,"Bay Head, Ocean County",Body boarding,0.0,40.0702733,-74.0437026,39.9,-73.9,,,,,,,22.547234342724696
340,2013-11-12,2013.0,11.0,15.0,AUSTRALIA,Western Australia,"Trigg Beach, Perth",Surfing,0.0,-31.877937,115.75177,-32.1,115.67,20.3,,,,,,25.86853927361182
21,2011-03-23,2011.0,3.0,17.0,AUSTRALIA,New South Wales,Crowdy Head,Surfing,0.0,-31.841361817,152.75117655,-31.6,153.0,,5.1,0.5,,2.5,,35.695708015031684
301,2013-08-05,2013.0,8.0,15.0,USA,Florida,"Sanibel Island, Lee County",Fishing,0.0,26.44368,-82.10735,26.4,-81.88,,4.6,,,,,23.154629757637796
305,2013-08-17,2013.0,8.0,12.0,USA,California,"Pillar Point, Half-Moon Bay, San Mateo County",Surfing,0.0,37.4955,-122.498,37.51,-122.21,22.7,1.5,,,,,25.456662322930388
600,2015-12-22,2015.0,12.0,,USA,Hawaii,La'aloa Beach Park,Paddle boarding,0.0,19.5937997,-155.9715584,20.04,-155.83,25.4,6.7,,,,,51.77804112376315
754,2017-04-06,2017.0,4.0,,USA,Florida,"Daytona, Volusia County",Swimming,0.0,29.21081,-81.02283,29.66,-81.22,,3.6,,,,,53.47296153177567
768,2017-04-29,2017.0,4.0,11.0,REUNION,Saint-Leu,Pointe au Sal,Body boarding,1.0,-21.195365751211,55.286273412274,-21.7,55.4,27.3,15.4,3.0,8.0,4.0,15.0,57.33399938988741
784,2017-06-17,2017.0,6.0,12.0,SPAIN,Ibiza Island,Playa d’en Bossa,Swimming,0.0,38.89583572701,1.414275053786,39.4,1.4,26.0,3.1,0.0,1.0,0.5,1.0,56.07411069183955
150,2012-03-31,2012.0,3.0,9.0,AUSTRALIA,Western Australia,Stratham Beach,Scuba diving,1.0,-33.466750662151,115.593223302818,-33.0,114.7,,4.6,,,2.5,14.0,97.95603524418271
156,2012-05-09,2012.0,5.0,11.0,USA,Florida,"Vero Beach, Indian River County",Swimming,0.0,27.638883,-80.38908,27.6,-80.2,24.9,,1.0,10.0,0.5,11.0,19.124070561049294
292,2013-07-17,2013.0,7.0,,USA,Florida,"Butler Beach, St Augustine,       St. Johns County",Swimming,0.0,29.7927,-81.2593,29.86,-81.27,,5.1,,,,,7.554279173511426
316,2013-09-07,2013.0,9.0,16.0,USA,Florida,"New Smyrna Beach,  Volusia County",Standing,0.0,29.029722,-80.9237495,28.42,-80.59,29.3,1.5,,,,,75.2043515779445
408,2014-08-02,2014.0,8.0,13.0,USA,Florida,"Table Beach, Brevard County",Boogie boarding,0.0,28.266571,-80.60564,28.42,-80.59,29.7,1.5,,,,,17.12907559484345
449,2014-10-31,2014.0,10.0,11.0,USA,Hawaii,"North Kohala, Hawaii County",Surfing,0.0,20.13195,-155.79389,20.04,-155.83,28.2,3.1,,,,,10.897655021146694
686,2016-08-07,2016.0,8.0,,BAHAMAS,New Providence Island,Nassau,Snorkeling,0.0,25.0465887,-77.3765998,25.4,-77.3,29.0,8.7,1.0,3.0,0.5,1.0,40.045908691775594
690,2016-08-29,2016.0,8.0,15.0,USA,Florida,"New Smyrna Beach, Volusia County",Surfing,0.0,29.029722,-80.9237495,29.0,-80.2,30.0,7.7,1.5,3.0,,,70.45444357345336
190,2012-07-30,2012.0,7.0,16.0,USA,Hawaii,"Maha‘ulepu Beach, Kauai",Surfing,0.0,21.88942,-159.41242,21.95,-159.36,27.1,,,,,,8.638117902633086
438,2014-10-05,2014.0,10.0,11.0,USA,Florida,"New Smyrna Beach, Volusia County",Surfing,0.0,29.029722,-80.9237495,29.6,-80.7,,4.1,1.0,2.0,1.5,3.0,67.02021990684956
501,2015-05-24,2015.0,5.0,,USA,Florida,"Cocoa Beach, Brevard  County",Swimming,0.0,28.320224,-80.608867,28.42,-80.59,28.0,3.6,,,,,11.247121209982557
760,2017-04-13,2017.0,4.0,13.0,USA,Florida,"Hanna Park, Jacksonville, Duval County",Surfing,0.0,30.343416819393,-81.83549194372,30.4,-81.63,,3.6,,,,,20.693560146985025
805,2017-07-29,2017.0,7.0,15.0,USA,South Carolina,"Hilton Head Island, Beaufort County",Swimming,,32.215401,-80.747563,32.04,-80.9,29.3,0.5,,,,,24.216706053082053
57,2011-07-07,2011.0,7.0,,USA,Texas,"Mustang Island, Nueces County",Wade Fishing,0.0,27.73948,-97.13166,27.82,-97.2,30.6,2.6,,,,,11.19669391742466
296,2013-07-28,2013.0,7.0,16.0,BAHAMAS,Abaco Islands,Scotland Cay,Spearfishing,0.0,26.6461,-77.07071,26.45,-76.71,28.2,,,,,,41.986305190926984
364,2014-03-22,2014.0,3.0,,USA,Florida,Delray Beach,Kite Surfing,0.0,26.4616338,-80.0731071,26.61,-80.03,24.1,8.2,,,,,17.045836798281208
632,2016-04-13,2016.0,4.0,,USA,Florida,"Off Singer Island, Palm Beach County",Spearfishing,0.0,26.785748,-80.037079,26.61,-80.03,26.0,4.1,,,,,19.5549654105523
656,2016-06-14,2016.0,6.0,17.0,USA,Texas,"Pirates Beach, Galveston",Floating in tube,0.0,29.20208,-94.940605,29.31,-94.79,,,,,,,18.906839386450564
234,2012-12-25,2012.0,12.0,,SOUTH AFRICA,Eastern Cape Province,Port St. John's,Swimming,1.0,-31.62291,29.54477,-31.3,30.2,26.0,16.5,3.5,5.0,3.5,6.0,71.77414755197715
366,2014-04-03,2014.0,4.0,8.0,AUSTRALIA,New South Wales,Tathra,Swimming,1.0,-36.731499184,149.983067808,-37.0,150.3,23.0,18.0,,,,,41.06469007776729
381,2014-05-15,2014.0,5.0,11.0,USA,Florida,"Juan Ponce de León Landing, Melbourne Beach, Brevard County",Body boarding,0.0,28.010853,-80.53041,27.86,-80.45,,4.1,,,,,18.541044938810277
494,2015-04-29,2015.0,4.0,9.0,USA,Hawaii,Kanahena Cove,Snorkeling,1.0,20.66956,-156.44219,20.9,-156.47,25.8,10.8,,,,,25.786381016504656
681,2016-07-27,2016.0,7.0,,USA,Florida,"Florida Keys, Monroe County",Lobstering,0.0,24.66709,-81.58314,24.56,-81.81,30.7,3.1,,,,,25.840854408547262
47,2011-06-15,2011.0,6.0,17.0,REUNION,Saint-Gilles-les-Bains,Boucan-Canot,Boogie Boarding,1.0,-21.05203,55.22571,-21.6,55.7,25.0,6.7,0.5,3.0,1.5,10.0,78.26966441281328
541,2015-07-27,2015.0,7.0,,AUSTRALIA,Victoria,Tyrendarra Beach,Surfing,,-38.218595687,141.796191537,-38.36,141.61,9.9,,,,,,22.611769263175834
588,2015-11-07,2015.0,11.0,11.0,USA,Florida,"Paradise Beach, Melbourne, Brevard County",Surfing,,28.12302,-80.57537,28.4,-80.5,26.6,,0.5,8.0,,,31.671079717134617
652,2016-06-05,2016.0,6.0,11.0,AUSTRALIA,Western Australia,Mindarie,Diving,1.0,-31.688651821,115.707580271,-32.2,115.7,,4.6,,,,,56.86391084597914
692,2016-09-01,2016.0,9.0,,USA,California,"Refugio State Beach, Santa Barbara County",Spearfishing,0.0,34.460859,-120.07392,34.4,-120.0,21.9,3.1,,,,,9.579044821725505
721,2016-12-06,2016.0,12.0,2.0,AUSTRALIA,New South Wales,Merimbula,Surf fishing,0.0,-36.887418812,149.922226048,-36.8,150.2,22.1,7.7,1.0,3.0,,,26.560782489327888
808,2017-08-01,2017.0,8.0,10.0,USA,California,"Between Pescadero Point & Bean Hollow Beach, San Mateo County",Fishing,0.0,37.250009489828,-122.396111722289,37.51,-122.21,23.6,4.6,,,,,33.25945739966541
58,2011-07-07,2011.0,7.0,17.0,USA,Texas,"Sunday Beach, Matagorda Island, Calhoun  County",Swimming,0.0,28.670634185881,-96.557673771471,28.45,-96.4,30.7,5.7,,,,,28.96586101092592
100,2011-10-11,2011.0,10.0,,USA,Florida,Cape Canaveral,Surfing,0.0,28.388229,-80.605878,28.42,-80.59,26.2,3.1,,,,,3.8590628684884227
127,2012-01-13,2012.0,1.0,,USA,Oregon,"Lincoln City, Lincoln County",Surfing,0.0,44.973855,-124.0134339,44.63,-124.04,8.0,5.1,,,,,38.292398828634475
368,2014-04-04,2014.0,4.0,13.0,USA,Florida,"New Smyrna Beach, Volusia County",Surfing,0.0,29.029722,-80.9237495,28.42,-80.59,23.1,3.1,,,,,75.2043515779445
467,2015-01-06,2015.0,1.0,16.0,BAHAMAS,Abaco Islands,"Tahiti Beach, Elbow Cay",Snorkeling,0.0,26.379785790043,-77.253591852932,26.94,-77.23,25.3,,,,,,62.33717544108162
561,2015-09-19,2015.0,9.0,,USA,California,"Gaviota State Beach, Santa Barbara County",Kayak Fishing,0.0,34.504150485735,-120.228120648486,34.3,-120.5,21.5,2.0,0.5,4.0,2.0,9.0,33.727017392043145
641,2016-05-15,2016.0,5.0,13.0,USA,Florida,"Boca Raton, Palm Beach County",Teasing a shark,0.0,26.350568,-80.0899135,26.09,-80.11,,2.6,,,,,29.043085294355297
712,2016-10-14,2016.0,10.0,9.0,USA,Hawaii,"Charlie Young Beach, Kihei, Maui",Snorkeling,0.0,20.724887,-156.4490193,20.9,-156.47,26.5,8.2,,,,,19.593441465173417
744,2017-03-01,2017.0,3.0,,BAHAMAS,The Exuma Cays,Compass Cay,Floating,0.0,24.1732835,-76.4454252,24.6,-76.0,25.5,12.3,1.0,2.0,1.0,2.0,65.46978184482892
786,2017-06-18,2017.0,6.0,,USA,South Carolina,"Burkes Beach, Hilton Head, Beaufort County",Swimming,0.0,32.1940212,-80.697698,32.04,-80.9,28.3,5.1,,,,,25.618527724220336
22,2011-03-24,2011.0,3.0,,MEXICO,Quintana Roo,"Gaviotas Beach, Cancun",Swimming,0.0,21.138483,-86.767015,21.1,-86.6,27.4,7.7,,,,,17.844528591228727
49,2011-06-19,2011.0,6.0,,TURKS & CAICOS,Caicos Bank,French Cay,Spearfishing,0.0,21.50705,-72.20133,21.6,-72.6,,12.3,,,,,42.506058980575034
90,2011-09-24,2011.0,9.0,15.0,USA,Florida,"Santa Maria Island, Manatee County",Spearfishing,0.0,27.462166597969,-82.660453417369,27.54,-82.74,,2.6,,,,,11.681555462097839
115,2011-12-06,2011.0,12.0,9.0,USA,Oregon,Seaside Cove,Surfing,0.0,45.9757796,-123.9393377,46.2,-124.1,9.3,,0.5,10.0,0.5,13.0,27.841200609330972
123,2011-12-26,2011.0,12.0,,ANTIGUA,St John's,Fort James Beach,Swimming,,17.1188196,-61.8439612,17.1,-61.8,25.5,5.1,,,,,5.119197178443413
165,2012-06-03,2012.0,6.0,14.0,AUSTRALIA,New South Wales,"Redhead Beach, Newcastle",Surf skiing,0.0,-33.02048,151.70915,-32.9,152.5,,2.6,0.5,1.0,,,74.99090878673576
215,2012-10-10,2012.0,10.0,18.0,USA,California,"Davenport Landing, Santa Cruz County",Windsurfing,0.0,37.024394,-122.215803,36.8,-122.0,15.0,6.0,,,,,31.475272928487513
286,2013-06-25,2013.0,6.0,15.0,USA,California,"Pacific State , San Mateo County",Kayaking / Fishing,0.0,37.475911136365,-122.438422729666,37.51,-122.21,19.8,1.0,,,,,20.506044866655333
509,2015-06-13,2015.0,6.0,,USA,California,Off San Diego,Unknown,0.0,32.71576,-117.1638173,32.71,-117.17,19.9,,,,,,0.8630273267134578
544,2015-08-10,2015.0,8.0,8.0,USA,California,Cortes Bank,Spearfishing,0.0,37.9976013563,-122.242399196998,38.06,-122.26,,5.7,,,,,7.107625296475278
547,2015-08-19,2015.0,8.0,15.0,USA,Florida,"Jacksonville Beach, Duval County",Walking,0.0,30.2881812,-81.3920144,30.38,-81.45,,,,,,,11.627946899496633
705,2016-09-18,2016.0,9.0,10.0,USA,Florida,"New Smyrna Beach, Volusia County",Surfing,0.0,29.029722,-80.9237495,28.42,-80.59,29.4,1.0,,,,,75.2043515779445
793,2017-07-09,2017.0,7.0,15.0,USA,Florida,"Haulover Beach, Miami-Dade County",Swimming,0.0,25.9123,-80.1213,26.09,-80.11,,3.6,,,,,19.791615947848932
794,2017-07-11,2017.0,7.0,11.0,USA,California,"Santa Cruz, Santa Cruz County",Kayaking,0.0,36.9741392,-122.028804,36.8,-122.0,13.0,3.0,,,,,19.532143624103693
9,2011-01-31,2011.0,1.0,12.0,MEXICO,Quintana Roo,Cancun,Swimming,0.0,21.164100412,-86.871082763,21.3,-86.3,24.6,4.6,0.5,2.0,1.5,6.0,61.08965416288597
183,2012-07-07,2012.0,7.0,15.0,AUSTRALIA,Victoria,Ship's Graveyard off Point Lonsdale,Scuba diving,,-38.259560082,144.602645707,-38.3,144.8,11.8,7.2,,,,,17.803806351424953
330,2013-10-20,2013.0,10.0,11.0,USA,Hawaii,"Pila'a Beach, Kaua'i",Surfing,0.0,22.2080512,-159.3744743,22.3,-159.6,27.0,,2.0,10.0,1.5,11.0,25.361647953228584
334,2013-10-26,2013.0,10.0,16.0,REUNION,d’Étang-Salé,Ravine Mula,Body boarding,0.0,-21.266040602,55.366755393,-20.93,55.32,24.5,,,,,,37.67956984688787
342,2013-11-23,2013.0,11.0,9.0,AUSTRALIA,Western Australia,Gracetown,Surfing,1.0,-33.866709908,114.989080385,-34.6,115.2,,,,,,,83.81199048011969
359,2014-03-12,2014.0,3.0,18.0,AUSTRALIA,New South Wales,Lighthouse Beach,Swimming,0.0,-33.280744,151.574377,-33.4,151.9,,,,,,,33.02762482407867
384,2014-05-24,2014.0,5.0,,AUSTRALIA,Queensland,Nerang River near Chevron Island,Fell into the water,0.0,-27.99694,153.42,-27.5,153.8,,3.6,0.5,2.0,1.0,5.0,66.72129378228232
566,2015-09-24,2015.0,9.0,10.0,USA,California,"Horseshoe Rock, Santa Barbara County",Kayak fishing,0.0,34.538263714677,-120.030793894701,34.3,-119.9,22.4,2.0,,,,,29.083612637621155
453,2014-11-16,2014.0,11.0,13.0,USA,Florida,"Indian Harbor Beach, Brevard County",Surfing,0.0,28.152451,-80.590172,28.4,-80.5,21.6,,0.5,8.0,,,28.907898407827936
565,2015-09-20,2015.0,9.0,12.0,USA,Florida,"Fernandina Beach, Amelia Island, Nassau County",Wading,0.0,30.6686874,-81.4343693,30.67,-81.47,,1.8,,,,,3.410905648951642
620,2016-03-03,2016.0,3.0,,AUSTRALIA,South Australia,Wrights Bay,Fishing,0.0,-37.044616621165,139.771878952553,-37.7,139.9,19.0,10.8,0.5,2.0,,,73.7496120834416
640,2016-05-03,2016.0,5.0,15.0,USA,Hawaii,"Wailea Beach, Maui",Floating,0.0,20.681265,-156.443428,20.9,-156.47,25.8,,,,,,24.478613605864084
642,2016-05-18,2016.0,5.0,,USA,Florida,"Ponte Vedra, St. Johns County",Swimming,0.0,30.094227,-81.405774,29.98,-81.63,26.6,1.5,,,,,25.044220179336577
759,2017-04-12,2017.0,4.0,13.0,USA,Florida,St. Augustine,Surfing,0.0,29.896004,-81.316709,29.86,-81.27,22.5,4.1,,,,,6.025711726389578
764,2017-04-20,2017.0,4.0,8.0,USA,South Carolina,Georgetown County,Swimming,,33.412799839736,-79.299229379641,33.35,-79.19,,2.6,,,,,12.313559517413724
59,2011-07-13,2011.0,7.0,20.0,USA,Texas,"South Padre Island, Cameron County",Surf fishing,0.0,26.110983,-97.165717,26.06,-97.22,28.5,5.1,,,,,7.843935230146175
99,2011-10-10,2011.0,10.0,,USA,Oregon,Seaside,Surfing,0.0,45.9930976,-123.920633,46.21,-123.77,17.5,0.5,,,,,26.76907794186931
433,2014-09-21,2014.0,9.0,11.0,USA,Florida,"New Smyrna Beach, Volusia County",Surfing,0.0,29.029722,-80.9237495,28.42,-80.59,28.8,2.1,,,,,75.2043515779445
556,2015-09-05,2015.0,9.0,14.0,USA,California,"Deer Creek Beach, Ventura County",Kayak Fishing,0.0,34.0592787,-118.975156,34.0,-119.3,22.6,,0.5,10.0,1.0,18.0,30.652357017740528
590,2015-11-15,2015.0,11.0,11.0,USA,Florida,"Palm Beach, Palm Beach County",Swimming,0.0,26.7043265,-80.0364366,26.7,-80.0,28.0,10.3,1.0,5.0,3.0,8.0,3.65132109080739
74,2011-08-23,2011.0,8.0,9.0,SOUTH AFRICA,Western Cape Province,"Lookout Beach, near the Keurbooms river mouth in Plettenberg Bay",Surfing,1.0,-34.04731,23.38022,-34.5,24.3,19.2,13.9,,,,,98.36957797886268
267,2013-04-21,2013.0,4.0,14.0,AUSTRALIA,New South Wales,Crowdy Head,Fishing,0.0,-31.841361817,152.75117655,-32.2,152.7,,7.7,1.5,3.0,4.5,7.0,40.169614418374834
282,2013-06-17,2013.0,6.0,14.0,USA,Texas,"Surfside Beach, Brazoria County",Swimming,0.0,28.9520047,-95.2878755,28.94,-95.3,27.6,3.6,,,,,1.7814898370748147
320,2013-09-21,2013.0,9.0,,USA,Florida,"Carlin Park, Jupiter, Palm Beach County",Surfing,0.0,26.92911,-80.06919,26.61,-80.03,28.3,6.7,,,,,35.69613433458018
678,2016-07-23,2016.0,7.0,,BAHAMAS,Abaco Islands,Green Turtle Cay,Spearfishing,0.0,26.76799,-77.33079,27.2,-76.8,26.6,8.7,2.0,8.0,2.0,8.0,71.23118808099386
8,2011-01-28,2011.0,1.0,,MEXICO,Colima,Revillagigedo Islands,Shark fishing on the Don Agustín-VI.,0.0,19.134363757881,-104.337781258286,18.9,-105.1,29.0,5.1,1.5,4.0,,,84.26022578481262
347,2013-12-10,2013.0,12.0,14.0,USA,Florida,"Cocoa Beach, Brevard  County",Surfing,0.0,28.320224,-80.608867,28.42,-80.59,22.3,6.2,,,,,11.247121209982557
348,2013-12-11,2013.0,12.0,8.0,USA,Hawaii,"Ninole Bay, Hawaii County",Boogie boarding,0.0,19.1330454,-155.5090425,19.73,-155.06,25.1,3.6,,,,,81.38349753786353
457,2014-12-03,2014.0,12.0,7.0,SPAIN,Granada,Off Motril,Fishing for blue sharks,0.0,36.7446588,-3.5166661,36.2,-3.6,16.7,5.1,,,,,61.02005702420758
504,2015-05-29,2015.0,5.0,13.0,USA,Florida,"New Smyrna Beach, Volusia County",Wading,0.0,29.029722,-80.9237495,29.3,-80.4,,5.1,1.0,1.0,,,59.07143021976217
512,2015-06-17,2015.0,6.0,13.0,USA,Florida,Daytona Beach Shores,Swimming,0.0,29.170157,-80.980442,29.66,-81.23,,1.0,,,,,59.59085558687995
673,2016-07-16,2016.0,7.0,13.0,USA,Florida,"New Smyrna Beach, Volusia County",Surfing,0.0,29.029722,-80.9237495,28.42,-80.59,31.0,1.0,,,,,75.2043515779445
