year,month,day,hour,latitude,longitude,sea_surface_temp,wind_speed,wave_height,wave_period,swell_height,swell_period,attack
2013.0,8.0,17,12.0,37.4955,-122.498,22.7,1.5,1.0,5.0,1.0,9.5,1
2013.0,12.0,10,14.0,28.320224,-80.608867,22.3,6.2,1.0,5.0,1.0,9.5,1
2014.0,7.0,9,6.0,28.42,-80.59,29.3,2.6,1.0,5.0,1.0,9.5,0
2015.0,7.0,4,12.0,34.425619,-77.546911,26.0,8.2,1.0,5.0,1.0,9.5,1
2013.0,10.0,26,10.0,-31.807368069,115.745418335,19.4,5.0,1.0,5.0,1.0,9.5,1
2011.0,5.0,7,12.0,25.5,55.75,28.0,1.5,1.0,5.0,1.0,9.5,1
2017.0,3.0,1,12.0,24.6,-76.0,25.5,12.3,1.0,2.0,1.0,2.0,0
2012.0,8.0,11,7.57,-31.95,115.57,18.9,5.0,1.0,5.0,1.0,9.5,0
2014.0,7.0,9,14.0,29.029722,-80.9237495,29.3,2.6,1.0,5.0,1.0,9.5,1
2017.0,3.0,27,9.4,28.42,-80.59,22.0,1.5,1.0,5.0,1.0,9.5,0
2013.0,8.0,11,3.0,32.1,-79.7,28.0,9.3,1.0,10.0,1.0,9.5,0
2011.0,9.0,11,12.0,40.8062561,-124.1990911,13.1,5.0,1.0,5.0,1.0,9.5,1
2011.0,9.0,28,12.0,19.27228,-69.69389,29.0,10.3,1.0,1.0,1.0,1.0,1
2013.0,6.0,25,13.0,32.78,-79.93,28.1,3.1,1.0,5.0,1.0,9.5,0
2013.0,2.0,10,8.6,27.6,-80.2,23.0,5.0,1.0,6.0,0.5,11.0,0
2012.0,10.0,16,15.0,27.3,-79.9,29.0,7.7,1.0,5.0,1.0,9.5,0
2017.0,6.0,4,0.0,25.35,-81.1,30.0,5.0,1.0,5.0,1.0,9.5,0
2011.0,6.0,24,13.0,33.5,-117.8,19.0,5.0,0.5,10.0,0.5,17.0,0
2012.0,8.0,15,21.0,30.4,-87.21,30.6,3.1,1.0,5.0,1.0,9.5,0
2013.0,9.0,29,17.0,27.86,-80.45,28.0,3.1,1.0,5.0,1.0,9.5,0
2011.0,5.0,13,14.0,29.8,-81.3,25.1,4.1,1.0,5.0,1.0,9.5,0
2012.0,7.0,24,11.0,33.900049282896,-78.061581994137,25.8,3.1,1.0,5.0,1.0,9.5,1
2013.0,8.0,14,9.0,20.9,-156.47,26.5,5.7,1.0,5.0,1.0,9.5,0
2016.0,12.0,11,12.0,29.029722,-80.9237495,21.5,6.2,1.0,5.0,1.0,9.5,1
2015.0,6.0,14,17.0,33.912201,-78.106028,27.9,4.1,1.0,5.0,1.0,9.5,1
2014.0,10.0,20,19.5,20.8,-157.0,27.6,5.0,1.0,7.0,0.5,13.0,0
2011.0,9.0,30,9.0,18.489309,-66.794475,29.2,2.6,1.0,5.0,1.0,9.5,1
2015.0,6.0,26,1.0,32.04,-80.9,29.7,2.6,1.0,5.0,1.0,9.5,0
2015.0,6.0,30,0.0,-35.29,150.75,20.0,5.0,1.0,5.0,1.0,9.5,0
2016.0,6.0,7,9.13,32.8,-79.6,25.9,2.0,1.0,5.0,1.0,9.5,0
2012.0,1.0,18,9.0,-33.3,152.1,24.8,7.7,1.0,5.0,1.0,9.5,0
2016.0,5.0,29,15.0,30.3236,-81.4145,25.8,5.0,1.0,5.0,1.0,9.5,1
2015.0,9.0,29,16.0,29.9354428,-81.3019633,26.7,5.1,1.0,5.0,1.0,9.5,1
2012.0,9.0,24,12.0,28.260537,-80.604742,25.8,2.1,1.0,5.0,1.0,9.5,1
2015.0,7.0,26,19.0,29.2070854,-81.0207257,25.8,3.6,1.0,5.0,1.0,9.5,1
2012.0,9.0,10,12.0,-18.76685,-174.01902,26.3,3.6,1.0,5.0,1.0,9.5,1
2013.0,5.0,8,12.0,32.805066,-117.262228,18.6,4.1,1.0,5.0,1.0,9.5,1
2015.0,6.0,7,10.0,28.3418745,-80.6069311,28.6,1.0,1.0,5.0,1.0,9.5,1
2011.0,6.0,14,20.0,50.1,-6.1,14.1,9.3,0.5,7.0,1.0,9.5,0
2017.0,7.0,29,21.13,32.3,-80.4,28.8,8.0,1.0,5.0,1.0,9.5,0
2013.0,11.0,10,10.0,25.5,-76.4,27.0,15.9,4.5,3.0,4.0,4.0,0
2013.0,9.0,29,11.0,31.7877699,34.6432047,27.3,2.6,0.5,2.0,1.0,9.5,1
2016.0,9.0,5,12.0,33.77156218729,-78.776892695834,26.9,4.6,1.0,5.0,1.0,9.5,1
2013.0,9.0,29,10.0,28.068399,-80.558423,27.6,7.2,1.0,5.0,1.0,9.5,1
2011.0,6.0,29,10.0,-8.095247,-34.882149,27.0,5.1,1.5,7.0,1.5,9.0,1
2016.0,9.0,26,9.0,-28.87262,153.589881,25.8,5.7,1.0,5.0,1.0,9.5,1
2015.0,10.0,5,13.0,27.495976,-80.300539,28.1,5.0,1.0,10.0,1.0,11.0,1
2014.0,6.0,8,12.0,34.65919,137.24155,25.8,5.0,1.0,5.0,1.0,9.5,1
2011.0,6.0,6,12.0,32.8419914,-117.2730168,17.3,1.5,1.0,5.0,1.0,9.5,1
2016.0,6.0,21,20.17,28.4,-80.5,28.4,5.0,1.0,5.0,1.0,9.5,0
2012.0,11.0,30,9.0,20.7814563,-156.4626867,24.2,1.0,1.0,5.0,1.0,9.5,1
2015.0,7.0,3,9.0,-28.813397609,153.596179398,24.0,9.8,1.0,5.0,1.0,9.5,1
2013.0,11.0,22,17.0,44.63,-124.04,9.8,9.3,1.0,5.0,1.0,9.5,0
2014.0,1.0,4,12.0,24.78333,125.33333,25.0,8.7,1.0,5.0,1.0,9.5,1
2013.0,9.0,14,13.83,30.1,-87.6,29.5,6.0,0.5,3.0,0.5,6.0,0
2013.0,3.0,31,12.0,-33.4462,151.4447,23.4,8.2,1.0,5.0,1.0,9.5,1
2012.0,6.0,26,23.8,21.0,-156.4,24.3,5.0,2.0,8.0,0.5,11.0,0
2012.0,12.0,25,12.0,-31.3,30.2,26.0,16.5,3.5,5.0,3.5,6.0,0
2015.0,5.0,29,22.0,28.42,-80.59,28.1,6.2,1.0,5.0,1.0,9.5,0
2015.0,8.0,29,10.0,35.39185,-120.8664,17.4,5.0,0.5,10.0,1.0,14.0,1
2017.0,3.0,18,14.0,36.79996,-121.90107,13.2,5.0,1.0,5.0,1.0,9.5,1
2014.0,3.0,2,12.0,27.286106,-80.223526,22.6,5.0,1.0,10.0,0.5,11.0,1
2011.0,5.0,30,15.0,29.04247,-95.16965,28.2,7.7,1.0,5.0,1.0,9.5,1
2017.0,4.0,17,0.0,29.86,-81.27,23.6,5.7,1.0,5.0,1.0,9.5,0
2016.0,6.0,11,0.92,34.2,-76.9,26.6,5.0,0.5,7.0,1.0,9.5,0
2015.0,3.0,11,20.0,-28.0,153.8,29.0,9.8,1.5,8.0,1.0,9.0,0
2012.0,12.0,28,10.0,-31.718949063,152.794486937,25.0,13.9,5.0,4.0,5.0,5.0,1
2017.0,7.0,11,11.0,36.9741392,-122.028804,13.0,3.0,1.0,5.0,1.0,9.5,1
2013.0,8.0,13,13.0,20.85632,-156.82905,26.4,4.1,1.0,5.0,1.0,9.5,1
2014.0,4.0,22,5.33,28.5,-80.2,23.8,6.0,1.0,5.0,1.0,9.5,0
2017.0,1.0,3,18.0,-36.887418812,149.922226048,22.7,8.7,1.0,5.0,1.0,9.5,1
2012.0,9.0,6,17.83,30.0,-80.5,28.9,2.8,1.0,12.0,1.0,9.5,0
2013.0,4.0,2,8.0,20.921727262506,-156.693271826184,23.3,5.1,1.0,5.0,1.0,9.5,1
2014.0,8.0,12,11.0,29.688176,-85.264559,30.6,1.0,1.0,5.0,1.0,9.5,1
2014.0,8.0,9,13.0,28.3418745,-80.6069311,31.0,7.2,1.0,2.0,1.0,2.0,1
2016.0,9.0,18,15.0,28.42,-80.59,29.3,1.0,1.0,5.0,1.0,9.5,0
2012.0,7.0,7,15.0,-38.259560082,144.602645707,11.8,7.2,1.0,5.0,1.0,9.5,1
2011.0,4.0,13,12.0,-8.5037,114.9708,25.8,2.1,1.0,5.0,1.0,9.5,1
2015.0,3.0,16,10.0,-16.4914608,-151.7250209,30.0,7.7,1.0,5.0,1.0,9.5,1
2013.0,1.0,16,16.0,19.8500336,-155.9410579,26.3,1.0,1.0,5.0,1.0,9.5,1
2014.0,3.0,2,9.42,27.6,-80.2,22.1,5.0,1.0,9.0,0.5,11.0,0
2014.0,12.0,28,12.0,37.2604963,24.598761,15.7,4.1,1.0,5.0,1.0,9.5,1
2013.0,1.0,21,17.0,-27.0,153.3,26.9,5.1,1.0,5.0,1.0,9.5,0
2011.0,10.0,19,16.0,-37.89023,144.98456,25.8,13.4,1.0,5.0,1.0,9.5,1
2011.0,5.0,25,13.0,19.647367,-155.99301,27.2,8.1,1.0,5.0,1.0,9.5,1
2017.0,4.0,29,11.0,-21.195365751211,55.286273412274,27.3,15.4,3.0,8.0,4.0,15.0,1
2012.0,3.0,31,9.0,-33.466750662151,115.593223302818,25.8,4.6,1.0,5.0,2.5,14.0,1
2015.0,6.0,24,11.0,-28.63373,153.60035,17.0,5.1,1.0,3.0,1.0,3.0,1
2013.0,7.0,22,18.0,-8.7,-34.2,26.4,7.7,1.0,4.0,2.0,11.0,0
2013.0,3.0,16,12.0,-34.38634,19.13099,21.0,3.6,3.0,5.0,1.0,9.5,1
2012.0,10.0,19,12.0,28.300351108222,-80.70119487572,27.3,4.6,1.0,5.0,1.0,9.5,1
2013.0,3.0,21,12.0,25.08416,-76.13714,24.5,8.0,0.5,2.0,1.0,9.5,1
2015.0,11.0,15,0.0,26.8,-79.7,31.4,10.3,2.0,6.0,3.0,8.0,0
2011.0,9.0,24,10.0,33.8074384,-78.7152584,25.8,5.0,1.0,5.0,1.0,9.5,1
2016.0,7.0,6,14.0,28.068399,-80.558423,28.6,4.1,1.0,5.0,1.0,9.5,1
2012.0,6.0,26,5.0,26.61,-80.03,27.4,13.9,1.0,5.0,1.0,9.5,0
2014.0,10.0,31,7.93,20.65,-156.01,26.9,5.0,1.0,5.0,1.0,9.5,0
2017.0,6.0,21,12.0,32.137155763331,-80.764188065346,28.3,4.1,1.0,5.0,1.0,9.5,1
2016.0,3.0,13,12.0,33.7109249,-118.0654702,25.8,2.1,1.0,5.0,1.0,9.5,1
2017.0,4.0,14,9.0,21.9642,-159.7089,27.1,0.5,1.0,5.0,1.0,9.5,1
2014.0,9.0,3,18.0,41.92677,-70.53892,25.8,2.1,1.0,5.0,1.0,9.5,1
2013.0,11.0,12,0.0,-32.1,115.67,20.0,5.0,1.0,5.0,1.0,9.5,0
2014.0,6.0,9,17.0,38.7523184,-75.1708039,18.3,2.6,1.0,5.0,1.0,9.5,1
2014.0,10.0,5,2.0,28.42,-80.59,28.9,2.6,1.0,5.0,1.0,9.5,0
2011.0,5.0,13,14.0,29.8,-81.3,25.1,4.1,1.0,5.0,1.0,9.5,0
2013.0,1.0,16,13.77,19.8,-155.0,24.5,5.0,1.5,10.0,1.0,11.0,0
2013.0,4.0,21,14.0,-31.841361817,152.75117655,25.8,7.7,1.5,3.0,4.5,7.0,1
2014.0,8.0,2,0.83,28.5,-80.2,28.1,6.0,0.5,3.0,0.5,8.0,0
2013.0,11.0,29,13.0,20.703902,-156.4461356,25.4,1.5,1.0,5.0,1.0,9.5,1
2011.0,9.0,11,12.0,-10.09459,147.72766,24.7,5.0,1.0,5.0,1.0,9.5,1
2015.0,6.0,14,16.0,33.912201,-78.106028,27.9,4.1,1.0,5.0,1.0,9.5,1
2011.0,9.0,28,20.67,-34.39,18.29,16.5,5.0,1.0,5.0,1.0,9.5,0
2014.0,10.0,3,11.0,34.538263714677,-120.030793894701,20.1,3.0,1.0,5.0,1.0,9.5,1
2013.0,7.0,22,13.0,-8.12772,-34.89827,25.8,8.0,2.0,9.0,1.0,9.5,1
2013.0,9.0,1,14.0,24.3,-81.3,28.0,5.0,0.5,4.0,0.5,4.0,0
2011.0,6.0,19,18.0,22.0,-73.0,26.0,7.7,2.0,8.0,3.0,16.0,0
2017.0,5.0,3,14.0,33.716327,-118.069515,25.8,2.1,1.0,5.0,1.0,9.5,1
2011.0,5.0,22,10.0,20.04,-155.83,27.4,9.3,1.0,5.0,1.0,9.5,0
2013.0,8.0,31,5.83,34.2,-119.8,18.2,1.0,1.0,7.0,1.0,7.0,0
2011.0,1.0,12,12.0,18.277243056,-87.857136111,26.0,10.3,1.5,4.0,1.5,5.0,1
2011.0,10.0,20,12.0,44.6365534,-124.0544474,13.2,1.3,1.0,5.0,1.0,9.5,1
2013.0,7.0,19,19.0,30.65,-88.06,29.5,7.7,1.0,5.0,1.0,9.5,0
2012.0,6.0,2,12.0,28.9485103,-80.838487,26.9,4.1,1.0,5.0,1.0,9.5,1
2012.0,5.0,31,1.0,35.8,-75.55,24.0,7.7,1.0,5.0,1.0,9.5,0
2016.0,10.0,10,16.0,45.915970433933,-123.96670956689,13.0,5.0,1.0,5.0,1.0,9.5,1
2011.0,8.0,31,14.0,30.4,-81.43,28.6,4.4,1.0,5.0,1.0,9.5,0
2014.0,8.0,8,5.0,29.79,-90.42,32.1,0.5,1.0,5.0,1.0,9.5,0
2015.0,6.0,5,23.0,25.9,-79.8,26.0,8.2,2.0,6.0,2.0,6.0,0
2012.0,9.0,6,12.0,30.312888,-81.398458,25.8,3.8,1.0,5.0,1.0,9.5,1
2011.0,3.0,16,13.0,-32.735453541,151.886602806,25.8,5.1,0.5,5.0,1.0,9.0,1
2013.0,11.0,7,12.0,40.0702733,-74.0437026,25.8,5.0,1.0,5.0,1.0,9.5,1
2015.0,9.0,3,16.0,33.68785,-78.883852,28.7,3.1,1.0,5.0,1.0,9.5,1
2015.0,7.0,4,2.0,34.21,-77.79,26.7,6.7,1.0,5.0,1.0,9.5,0
2016.0,10.0,24,7.0,-28.714981,153.61455,25.8,5.7,1.0,4.0,2.5,10.0,1
2017.0,1.0,13,3.0,27.6,-80.2,23.1,5.0,1.0,10.0,0.5,11.0,0
2014.0,8.0,27,12.0,34.27073,-77.74276,27.8,5.1,1.0,5.0,1.0,9.5,1
2016.0,6.0,25,20.42,34.2,-76.9,27.3,5.0,1.0,5.0,1.0,9.5,0
2016.0,12.0,27,1.0,27.7,-80.1,24.0,12.9,1.5,3.0,0.5,2.0,0
2016.0,8.0,25,19.9,29.98,-81.63,31.6,6.2,1.0,5.0,1.0,9.5,0
2015.0,5.0,29,13.0,29.029722,-80.9237495,25.8,5.1,1.0,1.0,1.0,9.5,1
2016.0,9.0,18,15.0,28.42,-80.59,29.3,1.0,1.0,5.0,1.0,9.5,0
2014.0,5.0,11,19.83,31.4,-80.9,24.5,4.0,0.5,4.0,0.5,6.0,0
2017.0,8.0,23,17.07,41.8,-70.3,20.6,5.0,0.0,5.0,1.0,9.5,0
2014.0,8.0,27,15.0,33.608745,-78.97702,27.3,3.1,1.0,5.0,1.0,9.5,1
2014.0,7.0,5,18.0,33.7,-118.2,18.9,3.6,1.0,5.0,1.0,9.5,0
2016.0,12.0,6,2.0,-36.887418812,149.922226048,22.1,7.7,1.0,3.0,1.0,9.5,1
2014.0,9.0,21,5.0,28.42,-80.59,28.7,4.6,1.0,5.0,1.0,9.5,0
2013.0,10.0,19,6.0,26.0,-79.5,30.0,9.8,1.0,5.0,0.0,0.0,0
2015.0,5.0,29,4.83,28.5,-80.2,26.8,5.0,0.5,4.0,1.0,8.0,0
2015.0,8.0,22,17.0,-33.280744,151.574377,20.5,11.3,1.5,7.0,1.5,7.0,1
2013.0,7.0,7,12.0,42.1399046,3.1180566,25.8,4.1,0.5,1.0,1.0,9.5,1
2011.0,8.0,17,17.0,33.998255,-77.906651,25.8,1.0,1.0,5.0,1.0,9.5,1
2011.0,10.0,10,7.0,46.21,-123.77,17.7,1.5,1.0,5.0,1.0,9.5,0
2011.0,9.0,11,15.9,40.3,-124.7,10.3,5.0,1.5,8.0,1.0,11.0,0
2011.0,12.0,6,2.48,46.2,-124.1,8.8,5.0,1.0,10.0,0.5,11.0,0
2017.0,6.0,2,12.0,25.08333,-77.26667,25.4,11.8,1.0,10.0,1.0,9.5,1
2011.0,7.0,25,14.0,39.36,-74.42,20.7,5.0,1.0,5.0,1.0,9.5,0
2011.0,7.0,5,10.0,9.90626,-75.58555,25.8,5.0,1.0,5.0,1.0,9.5,1
2014.0,10.0,29,18.0,-31.994860771,152.57131187,22.0,9.3,1.0,4.0,1.5,13.0,1
2012.0,3.0,6,11.0,-37.8206249,144.9582204,25.8,8.2,1.0,5.0,1.0,9.5,1
2015.0,4.0,26,13.0,25.71,-81.25,29.6,5.0,1.0,5.0,1.0,9.5,0
2012.0,11.0,19,17.0,28.068399,-80.558423,20.6,5.0,1.0,9.0,0.5,11.0,1
2014.0,12.0,3,7.0,36.7446588,-3.5166661,16.7,5.1,1.0,5.0,1.0,9.5,1
2011.0,6.0,6,5.0,28.42,-80.59,27.7,1.8,1.0,5.0,1.0,9.5,0
2011.0,8.0,17,16.0,34.213812,-77.805529,29.1,6.2,1.0,5.0,1.0,9.5,1
2015.0,10.0,28,11.07,21.7,-158.1,26.2,5.0,1.5,10.0,3.5,18.0,0
2016.0,3.0,28,12.0,26.452409,-81.953765,25.8,4.1,1.0,5.0,1.0,9.5,1
2016.0,10.0,29,12.0,30.394745,-81.410855,23.8,6.2,1.0,5.0,1.0,9.5,1
2016.0,7.0,8,5.4,36.61,-121.89,14.3,4.1,1.0,5.0,1.0,9.5,0
2015.0,1.0,1,12.0,27.788649831934,-80.41580966394,25.8,6.7,1.0,5.0,1.0,9.5,1
2016.0,10.0,14,9.0,20.724887,-156.4490193,26.5,8.2,1.0,5.0,1.0,9.5,1
2017.0,7.0,14,22.0,-31.9,114.9,19.2,11.3,1.0,5.0,1.0,9.5,0
2011.0,6.0,15,0.0,-21.6,55.7,25.0,6.7,0.5,3.0,1.5,10.0,0
2013.0,8.0,31,6.0,25.3,-75.9,30.0,6.7,1.0,3.0,1.0,9.5,0
2016.0,9.0,11,15.0,30.094227,-81.405774,29.4,1.0,1.0,5.0,1.0,9.5,1
2015.0,1.0,19,12.0,-28.6364,153.6338,28.0,7.7,1.0,6.0,1.5,8.0,1
2014.0,5.0,24,12.0,-27.99694,153.42,25.8,3.6,0.5,2.0,1.0,5.0,1
2016.0,8.0,7,6.0,25.4,-77.3,29.0,8.7,1.0,3.0,0.5,1.0,0
2013.0,8.0,14,16.0,20.6558129,-156.4382664,26.6,6.7,1.0,5.0,1.0,9.5,1
2015.0,1.0,6,16.0,26.379785790043,-77.253591852932,25.3,5.0,1.0,5.0,1.0,9.5,1
2011.0,8.0,28,18.0,27.82,-97.2,32.4,2.6,1.0,5.0,1.0,9.5,0
2011.0,1.0,26,15.0,26.68711,-78.97702,25.8,5.1,1.0,5.0,1.0,9.5,1
2013.0,7.0,28,11.0,27.22727,-78.33653,27.9,5.0,1.0,5.0,1.0,9.5,1
2015.0,10.0,28,14.0,21.318546,-157.87481,25.8,5.4,1.0,5.0,1.0,9.5,1
2016.0,1.0,23,12.0,20.681265,-156.443428,25.8,7.5,1.0,5.0,1.0,9.5,1
2014.0,3.0,12,19.2,-33.57,152.11,26.0,5.0,1.0,5.0,1.0,9.5,0
2014.0,11.0,29,6.0,-32.6036296,115.6310248,20.8,8.2,1.0,5.0,1.0,9.5,1
2012.0,5.0,12,14.0,35.5838357,-121.1214314,12.1,5.0,1.0,10.0,1.0,12.0,1
2011.0,7.0,7,12.0,27.73948,-97.13166,30.6,2.6,1.0,5.0,1.0,9.5,1
2016.0,9.0,17,12.0,40.741892,-124.210936,14.2,4.1,1.0,5.0,1.0,9.5,1
2016.0,6.0,15,1.0,21.48,-159.51,25.6,5.0,1.0,5.0,1.0,9.5,0
2014.0,1.0,1,9.0,-46.6,167.9,14.0,10.3,1.0,2.0,2.0,5.0,0
2014.0,3.0,21,2.0,26.6,-79.6,28.0,6.7,1.0,4.0,1.0,4.0,0
2014.0,7.0,16,17.0,20.91697,-156.38332,26.8,9.8,1.0,5.0,1.0,9.5,1
2012.0,6.0,14,12.0,33.68785,-78.883852,25.8,5.0,1.0,5.0,1.0,9.5,1
2017.0,8.0,10,13.0,32.127936,-80.7899915,28.5,4.1,1.0,5.0,1.0,9.5,1
2013.0,9.0,7,15.0,28.42,-80.59,28.9,1.5,1.0,5.0,1.0,9.5,0
2013.0,9.0,2,13.0,29.2774764,-81.0417589,25.8,1.0,1.0,5.0,1.0,9.5,1
2016.0,5.0,3,9.65,21.0,-156.4,24.9,5.0,1.5,9.0,0.5,11.0,0
2013.0,11.0,29,15.35,21.0,-156.4,25.6,5.0,2.0,6.0,2.0,17.0,0
2013.0,6.0,18,17.48,19.99,-156.16,24.8,5.0,1.0,5.0,1.0,9.5,0
2012.0,6.0,18,11.0,33.900049282896,-78.061581994137,25.8,5.0,1.0,5.0,1.0,9.5,1
2015.0,9.0,18,0.85,30.7,-81.3,27.6,5.0,2.0,6.0,1.0,9.5,0
2015.0,8.0,19,16.8,30.19,-81.69,30.3,2.1,1.0,5.0,1.0,9.5,0
2016.0,6.0,23,12.0,-34.60931,20.32919,16.1,5.0,1.0,5.0,1.0,9.5,1
2017.0,3.0,7,12.0,25.825040274,-97.152136519,21.6,5.1,1.0,5.0,1.0,9.5,1
2016.0,7.0,15,14.9,33.66,-78.92,28.4,6.7,1.0,5.0,1.0,9.5,0
2011.0,7.0,5,0.0,10.3,-75.9,29.0,3.6,0.5,3.0,1.0,9.5,0
2012.0,10.0,18,18.22,20.8,-157.0,26.3,5.0,1.0,7.0,0.5,13.0,0
2015.0,6.0,30,22.83,32.5,-79.1,28.3,9.0,1.0,4.0,0.5,7.0,0
2014.0,8.0,27,22.03,33.91,-78.15,27.6,3.1,1.0,5.0,1.0,9.5,0
2016.0,4.0,9,0.0,-21.8,166.5,29.0,7.7,1.0,5.0,1.0,9.5,0
2014.0,6.0,1,6.0,25.9,-79.9,28.5,11.3,1.0,2.0,1.0,9.5,0
2015.0,7.0,26,10.0,32.4824626,-80.3279385,25.8,2.1,1.0,5.0,1.0,9.5,1
2012.0,3.0,14,4.0,28.42,-80.59,22.3,2.1,1.0,5.0,1.0,9.5,0
2014.0,3.0,22,12.0,26.4616338,-80.0731071,24.1,8.2,1.0,5.0,1.0,9.5,1
2017.0,8.0,27,13.0,27.186389,-80.160408,26.1,5.0,0.5,8.0,1.0,9.5,1
2015.0,6.0,17,13.0,29.170157,-80.980442,25.8,1.0,1.0,5.0,1.0,9.5,1
2017.0,7.0,20,9.0,34.2,-119.4,18.9,5.0,1.0,6.0,0.5,11.0,0
2016.0,4.0,7,12.0,24.66709,-81.58314,26.6,3.6,1.0,5.0,1.0,9.5,1
2011.0,11.0,22,21.2,36.6,-121.9,12.7,5.0,0.5,10.0,0.5,11.0,0
2013.0,6.0,6,23.0,25.22,-80.65,30.3,5.0,1.0,5.0,1.0,9.5,0
2011.0,3.0,23,1.0,-32.3,152.7,25.5,4.6,0.0,0.0,1.0,9.5,0
2017.0,7.0,31,18.0,30.325968,-81.65676,28.4,5.0,1.0,5.0,1.0,9.5,1
2015.0,7.0,10,22.12,33.5,-117.8,21.9,5.0,0.5,10.0,0.5,15.0,0
2013.0,9.0,21,12.0,26.92911,-80.06919,28.3,6.7,1.0,5.0,1.0,9.5,1
2011.0,4.0,26,12.0,26.7834459,-80.0547546,27.2,5.0,1.0,5.0,1.0,9.5,1
2012.0,8.0,11,12.0,-31.75808771,115.737240457,18.9,5.0,1.0,5.0,1.0,9.5,1
2016.0,7.0,16,8.9,28.42,-80.59,31.0,2.1,1.0,5.0,1.0,9.5,0
2017.0,7.0,22,12.0,24.3,-81.6,30.4,7.2,1.0,5.0,1.0,9.5,0
2011.0,1.0,31,12.0,21.3,-86.3,24.6,4.6,0.5,2.0,1.5,6.0,0
2013.0,6.0,15,16.0,30.67,-81.47,27.4,2.1,1.0,5.0,1.0,9.5,0
2012.0,4.0,3,12.0,21.439542579,-157.94363193,25.7,3.6,1.0,5.0,1.0,9.5,1
2012.0,5.0,29,3.0,17.6,-102.2,29.0,6.0,0.5,5.0,1.5,7.0,0
2016.0,10.0,21,17.0,20.93667,-156.36056,26.3,5.0,2.0,8.0,1.0,12.0,1
2017.0,7.0,29,17.13,32.8,-79.6,28.7,8.0,1.0,5.0,1.0,9.5,0
2013.0,8.0,18,13.0,19.45797,-154.84371,26.2,4.1,1.0,5.0,1.0,9.5,1
2016.0,9.0,17,4.0,-38.5,144.3,13.7,6.2,1.0,5.0,1.0,9.5,0
2017.0,7.0,14,11.0,-31.929,115.7549,19.2,11.3,1.0,5.0,1.0,9.5,1
2013.0,4.0,2,21.85,21.0,-156.4,23.4,5.0,2.0,10.0,2.0,11.0,0
2012.0,9.0,8,12.0,25.7745,-80.1329,25.8,1.4,1.0,5.0,1.0,9.5,1
2011.0,12.0,26,12.0,17.1188196,-61.8439612,25.5,5.1,1.0,5.0,1.0,9.5,1
2014.0,8.0,6,6.0,32.6,-79.2,28.0,9.8,1.0,5.0,1.0,9.5,0
2012.0,8.0,26,1.67,-7.95,-34.31,25.4,5.0,1.0,5.0,1.0,9.5,0
2012.0,6.0,26,19.0,26.883875,-80.059723,27.4,10.3,1.0,5.0,1.0,9.5,1
2016.0,9.0,7,14.0,21.468004,-158.214988,26.9,5.0,1.0,5.0,0.5,15.0,1
2012.0,5.0,9,11.0,27.638883,-80.38908,24.9,5.0,1.0,10.0,0.5,11.0,1
2016.0,6.0,5,13.0,29.86,-81.27,26.9,5.7,1.0,5.0,1.0,9.5,0
2011.0,12.0,6,9.0,45.9757796,-123.9393377,9.3,5.0,0.5,10.0,0.5,13.0,1
2014.0,8.0,24,12.0,34.12545,-77.85804,25.8,7.7,1.0,5.0,1.0,9.5,1
2017.0,1.0,24,0.0,-7.6,-34.4,28.0,10.8,1.5,5.0,1.0,9.5,0
2013.0,7.0,15,23.5,-21.36,55.91,23.9,5.0,1.0,5.0,1.0,9.5,0
2011.0,1.0,20,17.0,-28.26111,153.58276,26.3,9.8,0.5,1.0,1.0,9.5,1
2015.0,6.0,26,11.0,32.3708,-80.4375,25.8,6.0,1.0,5.0,1.0,9.5,1
2016.0,5.0,22,13.0,27.86,-80.45,25.8,4.6,1.0,5.0,1.0,9.5,0
2015.0,8.0,29,10.0,35.365945,-120.850004,17.4,5.0,0.5,10.0,1.0,14.0,1
2012.0,6.0,26,19.0,28.9,-80.2,26.5,9.0,1.0,5.0,1.0,9.5,0
2014.0,10.0,31,11.0,20.13195,-155.79389,28.2,3.1,1.0,5.0,1.0,9.5,1
2016.0,3.0,31,11.0,20.81136,-156.622548,25.8,5.5,1.0,5.0,1.0,9.5,1
2014.0,8.0,5,12.0,28.320224,-80.608867,29.4,5.7,1.0,5.0,1.0,9.5,1
2012.0,6.0,22,9.77,27.6,-80.2,27.2,5.0,1.0,6.0,1.0,9.5,0
2013.0,10.0,26,11.7,-20.93,55.32,24.6,5.0,1.0,5.0,1.0,9.5,0
2011.0,1.0,26,9.55,27.0,-78.7,18.9,0.7,1.0,3.0,1.0,9.5,0
2014.0,1.0,26,19.0,-33.8,151.2,22.0,2.6,1.0,1.0,1.0,1.0,0
2012.0,11.0,4,22.0,20.9,-156.47,25.8,2.6,1.0,5.0,1.0,9.5,0
2012.0,1.0,13,12.0,44.973855,-124.0134339,8.0,5.1,1.0,5.0,1.0,9.5,1
2015.0,12.0,25,12.0,27.8557982,-15.39277,20.5,4.0,1.0,5.0,1.0,9.5,1
2013.0,10.0,20,11.0,22.2080512,-159.3744743,27.0,5.0,2.0,10.0,1.5,11.0,1
2013.0,6.0,25,15.0,37.475911136365,-122.438422729666,19.8,1.0,1.0,5.0,1.0,9.5,1
2015.0,10.0,17,11.0,21.3930763,-157.7157575,27.6,5.0,1.5,9.0,1.5,11.0,1
2017.0,4.0,5,12.0,28.42,-80.59,24.3,4.1,1.0,5.0,1.0,9.5,0
2015.0,3.0,18,21.3,19.73,-155.06,24.3,5.7,1.0,5.0,1.0,9.5,0
2012.0,5.0,31,13.0,35.56685,-75.46849,24.3,10.3,1.0,5.0,1.0,9.5,1
2015.0,8.0,22,19.0,28.320224,-80.608867,28.8,1.5,1.0,5.0,1.0,9.5,1
2016.0,1.0,28,14.0,22.20889,-159.50709,25.4,5.0,2.0,10.0,5.5,17.0,1
2015.0,5.0,3,15.0,-31.9973812,152.5709653,24.3,5.1,2.0,6.0,1.0,9.5,1
2016.0,4.0,23,17.0,29.029722,-80.9237495,24.1,6.2,1.0,5.0,1.0,9.5,1
2017.0,4.0,29,11.0,32.655954,-79.941069,25.8,2.6,1.0,5.0,1.0,9.5,1
2011.0,8.0,23,17.0,-34.5,24.3,19.2,13.9,1.0,5.0,1.0,9.5,0
2016.0,5.0,15,15.0,26.61,-80.03,26.9,6.2,1.0,5.0,1.0,9.5,0
2016.0,4.0,19,12.0,-28.649318443,153.616858651,28.0,7.7,0.5,5.0,2.5,9.0,1
2015.0,4.0,3,12.0,26.9341448,-80.0997362,25.4,5.1,1.0,5.0,1.0,9.5,1
2014.0,3.0,12,18.0,-33.280744,151.574377,25.8,5.0,1.0,5.0,1.0,9.5,1
2017.0,4.0,2,5.2,30.21,-85.88,22.4,1.0,1.0,5.0,1.0,9.5,0
2012.0,11.0,4,8.0,20.6539039,-156.4411031,25.9,4.1,1.0,5.0,1.0,9.5,1
2015.0,7.0,23,13.37,32.5,-117.4,22.1,5.0,0.5,9.0,0.5,12.0,0
2013.0,12.0,2,9.0,20.6558129,-156.4382664,25.7,2.1,1.0,5.0,1.0,9.5,1
2014.0,10.0,20,8.0,20.8880335,-156.4678501,26.5,6.7,1.0,5.0,1.0,9.5,1
2015.0,6.0,30,18.0,32.7875771,-79.7870676,29.2,3.1,1.0,5.0,1.0,9.5,1
2012.0,7.0,8,10.0,34.21,-77.8,27.0,5.1,1.0,5.0,1.0,9.5,0
2015.0,6.0,26,11.9,30.19,-81.69,29.0,2.6,1.0,5.0,1.0,9.5,0
2013.0,9.0,1,12.0,24.5590759,-81.8073375,30.3,5.0,1.0,5.0,1.0,9.5,1
2012.0,3.0,20,13.0,-28.0,153.9,27.1,10.8,1.0,5.0,1.0,9.5,0
2013.0,8.0,11,17.0,32.655954,-79.941069,25.8,3.1,1.0,5.0,1.0,9.5,1
2013.0,11.0,7,1.0,40.47,-74.01,12.9,5.0,1.0,5.0,1.0,9.5,0
2017.0,5.0,27,12.0,-29.2,153.9,27.0,8.2,1.0,5.0,1.5,6.0,0
2011.0,4.0,8,12.0,-17.32225,178.14352,29.4,5.0,1.0,5.0,1.0,9.5,1
2017.0,1.0,24,13.0,-8.1147257,-34.8917377,28.0,10.8,1.5,5.0,1.0,9.5,1
2017.0,4.0,12,13.0,29.896004,-81.316709,22.5,4.1,1.0,5.0,1.0,9.5,1
2016.0,5.0,21,17.0,30.384675011043,-81.489213740588,25.8,3.1,1.0,5.0,1.0,9.5,1
2012.0,10.0,2,12.0,-31.7789,115.7326,16.7,7.7,0.5,4.0,0.5,3.0,1
2014.0,11.0,17,23.83,36.8,-122.5,15.5,3.0,0.5,4.0,1.0,13.0,0
2013.0,6.0,25,2.0,37.77,-122.3,19.1,1.0,1.0,5.0,1.0,9.5,0
2011.0,8.0,24,12.0,35.26889,-75.539467,26.4,2.1,1.0,5.0,1.0,9.5,1
2013.0,6.0,6,12.0,25.102198176345,-80.435459810221,27.0,5.0,1.0,5.0,1.0,9.5,1
2013.0,9.0,7,16.0,29.029722,-80.9237495,29.3,1.5,1.0,5.0,1.0,9.5,1
2014.0,10.0,5,11.0,29.029722,-80.9237495,25.8,4.1,1.0,2.0,1.5,3.0,1
2012.0,9.0,16,15.0,28.320224,-80.608867,28.0,5.1,1.0,5.0,1.0,9.5,1
2013.0,6.0,25,12.0,32.597707,-80.12948,25.8,7.2,1.0,5.0,1.0,9.5,1
2011.0,10.0,1,3.0,30.6,-88.0,26.0,5.1,1.0,0.0,1.0,0.0,0
2017.0,7.0,23,21.0,38.97,-74.96,25.4,4.6,1.0,5.0,1.0,9.5,0
2011.0,5.0,13,15.0,30.242809,-81.382818,24.5,2.2,1.0,5.0,1.0,9.5,1
2016.0,7.0,16,8.9,28.42,-80.59,31.0,2.1,1.0,5.0,1.0,9.5,0
2015.0,6.0,14,5.18,33.7,-78.0,26.9,5.0,1.0,5.0,0.5,11.0,0
2016.0,4.0,23,3.0,28.42,-80.59,24.3,4.1,1.0,5.0,1.0,9.5,0
2013.0,7.0,28,16.0,26.6461,-77.07071,28.2,5.0,1.0,5.0,1.0,9.5,1
2011.0,8.0,16,15.0,-17.84645,-149.26682,27.6,4.1,1.0,5.0,1.0,9.5,1
2011.0,3.0,24,1.0,20.8,-86.5,26.0,10.3,0.5,1.0,1.0,9.5,0
2017.0,4.0,6,12.0,29.21081,-81.02283,25.8,3.6,1.0,5.0,1.0,9.5,1
2015.0,1.0,27,3.0,20.877113,-156.681325,24.5,5.1,0.0,0.0,1.0,9.5,1
2015.0,8.0,29,2.83,35.0,-121.0,17.8,6.0,0.5,6.0,1.0,15.0,0
2016.0,11.0,28,0.0,-38.4,144.4,15.6,3.6,1.0,5.0,1.0,9.5,0
2011.0,6.0,15,17.0,-21.05203,55.22571,25.0,6.7,0.5,3.0,1.5,10.0,1
2016.0,5.0,21,18.0,27.77086,-82.67927,28.6,4.1,1.0,5.0,1.0,9.5,1
2013.0,2.0,9,9.0,-16.5059584,-151.7515183,29.2,6.2,1.0,5.0,1.0,9.5,1
2014.0,8.0,2,0.83,28.5,-80.2,28.1,6.0,0.5,3.0,0.5,8.0,0
2012.0,2.0,25,16.0,-32.61667,152.35,25.0,12.9,1.0,5.0,1.0,9.5,1
2013.0,9.0,21,15.0,26.61,-80.03,28.4,2.1,1.0,5.0,1.0,9.5,0
2015.0,6.0,27,16.0,35.594871,-75.467858,26.5,11.3,1.0,5.0,1.0,9.5,1
2013.0,8.0,31,23.0,34.41762,-119.6492,25.8,5.0,1.0,5.0,1.0,9.5,1
2013.0,2.0,21,18.0,20.91697,-156.38332,22.9,6.2,1.0,5.0,1.0,9.5,1
2013.0,5.0,8,6.0,32.7,-117.5,20.0,3.6,1.0,5.0,1.0,9.5,0
2015.0,1.0,17,10.0,-33.3,152.1,25.0,7.2,1.0,5.0,1.0,9.5,0
2015.0,5.0,24,12.0,28.320224,-80.608867,28.0,3.6,1.0,5.0,1.0,9.5,1
2011.0,8.0,31,11.0,29.768745,-81.253492,28.3,5.2,1.0,5.0,1.0,9.5,1
2016.0,8.0,6,16.1,20.9,-156.47,27.0,6.7,1.0,5.0,1.0,9.5,0
2011.0,10.0,29,12.0,36.6827412,-121.8137843,12.8,5.0,1.0,5.0,1.0,9.5,1
2015.0,10.0,9,9.83,31.4,-80.9,24.6,4.0,0.5,4.0,1.0,5.0,0
2016.0,7.0,24,19.0,33.02381552,133.01005311,25.8,5.1,1.0,5.0,1.0,9.5,1
2011.0,9.0,30,8.0,18.22,-67.16,30.6,1.0,1.0,5.0,1.0,9.5,0
2014.0,10.0,17,0.0,-34.0,151.3,15.2,15.4,1.0,6.0,1.5,7.0,0
2014.0,12.0,29,12.0,-35.157869440489,150.650165222341,25.8,12.3,1.0,5.0,1.0,9.5,1
2013.0,5.0,27,12.0,29.2774764,-81.0417589,25.8,4.1,1.0,5.0,1.0,9.5,1
2012.0,3.0,4,19.0,28.42,-80.59,21.9,6.2,1.0,5.0,1.0,9.5,0
2016.0,7.0,27,12.0,24.66709,-81.58314,30.7,3.1,1.0,5.0,1.0,9.5,1
2017.0,6.0,17,15.0,39.4,1.4,26.0,3.1,0.0,1.0,0.5,1.0,0
2017.0,4.0,6,9.0,29.86,-81.27,20.7,5.1,1.0,5.0,1.0,9.5,0
2015.0,7.0,19,12.0,-34.04526,24.92146,25.8,8.2,1.0,2.0,4.0,3.0,1
2016.0,7.0,26,12.0,-28.837749,153.604367,23.1,11.3,1.0,5.0,1.0,9.5,1
2017.0,4.0,5,13.0,29.029722,-80.9237495,24.4,3.6,1.0,5.0,1.0,9.5,1
2016.0,3.0,4,12.0,26.79372,-80.03288,25.2,5.0,1.0,5.0,1.0,9.5,1
2015.0,8.0,10,13.8,37.77,-122.3,21.3,1.5,1.0,5.0,1.0,9.5,0
2015.0,9.0,4,11.0,-32.073369849,152.49274312,20.0,7.7,2.5,8.0,2.5,7.0,1
2017.0,6.0,10,15.0,-38.454765047,144.987693038,13.6,6.2,1.0,5.0,1.0,9.5,1
2012.0,7.0,31,6.0,34.040099,-118.57927,17.6,3.1,1.0,5.0,1.0,9.5,1
2013.0,3.0,21,23.0,25.4,-76.4,24.5,8.0,0.5,2.0,1.0,9.5,0
2014.0,10.0,14,12.0,32.215401,-80.747563,25.8,5.1,1.0,5.0,1.0,9.5,1
2011.0,1.0,28,12.0,19.134363757881,-104.337781258286,29.0,5.1,1.5,4.0,1.0,9.5,1
2011.0,6.0,14,12.0,50.211422269,-5.480829146,15.8,3.6,1.0,26.0,1.0,9.5,1
2014.0,10.0,17,6.0,-33.470895047,151.430842436,15.2,15.4,1.0,6.0,1.5,7.0,1
2014.0,4.0,3,8.0,-36.731499184,149.983067808,23.0,18.0,1.0,5.0,1.0,9.5,1
2014.0,5.0,15,11.0,28.010853,-80.53041,25.8,4.1,1.0,5.0,1.0,9.5,1
2016.0,1.0,23,9.62,21.0,-156.4,24.7,5.0,1.5,9.0,1.0,11.0,0
2014.0,2.0,20,16.0,-17.17568,-150.38631,29.0,7.2,1.0,5.0,1.0,9.5,1
2015.0,9.0,24,10.0,34.538263714677,-120.030793894701,22.4,2.0,1.0,5.0,1.0,9.5,1
2017.0,4.0,29,22.0,32.6,-79.6,22.0,6.2,1.0,4.0,1.0,9.5,0
2013.0,9.0,12,0.0,28.42,-80.59,29.4,2.1,1.0,5.0,1.0,9.5,0
2015.0,10.0,17,19.0,21.284823,-157.832452,27.6,3.1,1.0,5.0,1.0,9.5,1
2015.0,9.0,17,11.4,30.19,-81.69,26.7,3.6,1.0,5.0,1.0,9.5,0
2013.0,2.0,21,4.62,20.8,-157.0,24.3,5.0,1.0,3.0,0.5,15.0,0
2017.0,4.0,11,18.0,29.86,-81.27,22.0,6.2,1.0,5.0,1.0,9.5,0
2017.0,7.0,11,22.0,36.61,-121.89,14.1,4.6,1.0,5.0,1.0,9.5,0
2014.0,11.0,13,19.62,21.0,-156.4,26.8,5.0,1.5,9.0,2.0,14.0,0
2012.0,2.0,6,0.0,-26.7,153.9,28.0,3.1,0.5,2.0,1.0,2.0,0
2015.0,1.0,1,5.42,27.6,-80.2,23.8,5.0,1.5,7.0,0.5,11.0,0
2011.0,9.0,16,0.0,29.2,-80.2,30.0,3.6,0.5,1.0,1.0,3.0,0
2012.0,12.0,30,12.0,-34.042395415736,150.823057559702,20.3,7.7,1.0,5.0,1.0,9.5,1
2013.0,6.0,17,14.0,28.9520047,-95.2878755,27.6,3.6,1.0,5.0,1.0,9.5,1
2015.0,7.0,26,23.0,32.78,-79.92,29.4,5.1,1.0,5.0,1.0,9.5,0
2012.0,10.0,2,6.0,-31.1,115.2,20.0,7.7,1.5,4.0,1.0,9.5,0
2014.0,10.0,19,5.12,34.2,-119.4,21.1,5.0,1.0,10.0,0.5,11.0,0
2014.0,12.0,15,11.0,-16.2,145.71667,25.8,3.6,1.0,5.0,1.0,9.5,1
2013.0,9.0,7,16.0,29.029722,-80.9237495,29.3,1.5,1.0,5.0,1.0,9.5,1
2015.0,5.0,29,15.0,28.320224,-80.608867,27.7,4.6,1.0,5.0,1.0,9.5,1
2017.0,6.0,21,6.13,32.3,-80.4,27.7,4.0,1.0,5.0,1.0,9.5,0
2013.0,10.0,10,15.0,30.3936755,-86.4956633,26.4,2.6,1.0,5.0,1.0,9.5,1
2012.0,9.0,2,18.72,20.8,-157.0,25.3,5.0,0.5,10.0,0.5,13.0,0
2017.0,7.0,9,15.0,25.9123,-80.1213,25.8,3.6,1.0,5.0,1.0,9.5,1
2013.0,7.0,19,14.0,30.272469,-87.68743,25.8,1.0,1.0,5.0,1.0,9.5,1
2011.0,7.0,13,4.0,26.2,-96.5,27.5,8.0,1.0,5.0,1.0,9.5,0
2017.0,2.0,11,13.0,28.068399,-80.558423,25.8,5.7,1.0,5.0,1.0,9.5,1
2016.0,3.0,30,4.0,-34.2,151.6,24.0,3.6,0.5,3.0,0.5,3.0,0
2012.0,9.0,8,12.0,28.3418745,-80.6069311,28.3,5.7,1.0,5.0,1.0,9.5,1
2012.0,6.0,19,12.0,33.68785,-78.883852,27.0,3.1,1.0,5.0,1.0,9.5,1
2015.0,7.0,1,18.9,35.21,-75.7,27.4,5.7,1.0,5.0,1.0,9.5,0
2014.0,8.0,2,13.0,28.266571,-80.60564,29.7,1.5,1.0,5.0,1.0,9.5,1
2013.0,2.0,21,18.0,20.94811,-156.6919,22.9,6.2,1.0,5.0,1.0,9.5,1
2015.0,9.0,3,8.68,33.7,-78.0,28.1,5.0,0.5,4.0,1.0,9.5,0
2013.0,12.0,11,10.0,19.73,-155.06,25.1,2.6,1.0,5.0,1.0,9.5,0
2017.0,2.0,6,12.0,-29.742413869127,31.078229588043,24.0,13.4,1.0,5.0,1.0,6.0,1
2013.0,9.0,8,12.0,32.0,-80.5,28.7,1.5,1.0,5.0,1.0,9.5,0
2014.0,6.0,9,9.0,-34.751583379,137.480916284,15.2,5.0,1.0,5.0,0.5,1.0,1
2015.0,1.0,3,8.0,-33.59786,26.90536,19.8,6.2,0.5,99.0,1.0,9.5,1
2011.0,8.0,24,15.0,33.915334,-78.264155,25.8,8.0,1.0,5.0,1.0,9.5,1
2013.0,7.0,11,15.0,33.915334,-78.264155,25.8,8.7,1.0,4.0,1.0,9.5,1
2013.0,6.0,25,9.0,30.67,-81.47,28.7,2.6,1.0,5.0,1.0,9.5,0
2011.0,1.0,3,0.0,-34.2,114.7,21.0,10.8,1.5,3.0,1.0,4.0,0
2015.0,8.0,19,15.0,30.2881812,-81.3920144,25.8,5.0,1.0,5.0,1.0,9.5,1
2015.0,7.0,8,12.0,33.659775,-117.999313,16.6,5.0,0.5,6.0,0.5,14.0,1
2013.0,2.0,10,14.0,27.211719279555,-80.261725176396,23.0,5.0,1.0,6.0,0.5,11.0,1
2011.0,9.0,16,11.0,29.029722,-80.9237495,30.0,3.6,0.5,1.0,1.0,3.0,1
2013.0,7.0,28,0.57,26.45,-76.71,28.2,5.0,1.0,5.0,1.0,9.5,0
2011.0,9.0,28,0.0,19.7,-68.9,29.0,10.3,1.0,1.0,1.0,1.0,0
2013.0,6.0,15,12.0,30.3336079,-81.397624,25.8,4.3,1.0,5.0,1.0,9.5,1
2011.0,3.0,29,23.22,28.67,-95.68,21.3,5.0,1.0,5.0,1.0,9.5,0
2011.0,6.0,29,13.0,-8.5,-34.6,27.0,5.1,1.5,7.0,1.5,9.0,0
2014.0,10.0,14,22.83,31.4,-80.9,25.8,4.0,0.5,4.0,1.5,6.0,0
2017.0,4.0,10,17.0,28.068399,-80.558423,23.5,6.7,1.0,5.0,1.0,9.5,1
2011.0,6.0,21,12.0,30.3002,-87.42748,30.7,4.6,1.0,5.0,1.0,9.5,1
2016.0,5.0,29,12.0,33.6,-118.2,17.7,5.0,0.5,7.0,0.5,14.0,0
2015.0,8.0,18,4.0,38.4,0.2,27.4,1.5,1.0,5.0,1.0,9.5,0
2013.0,8.0,17,14.0,37.51,-122.21,22.7,1.0,1.0,5.0,1.0,9.5,0
2011.0,10.0,9,8.0,-31.9939,115.751,19.2,9.3,1.0,5.0,1.0,9.5,1
2012.0,9.0,2,14.0,28.42,-80.59,27.9,4.1,1.0,5.0,1.0,9.5,0
2013.0,10.0,23,7.17,20.8,-157.0,27.4,5.0,0.5,10.0,0.5,11.0,0
2015.0,1.0,6,22.5,26.94,-77.23,25.3,5.0,1.0,5.0,1.0,9.5,0
2016.0,1.0,25,11.0,22.20889,-159.50709,25.2,5.0,2.0,9.0,4.0,15.0,1
2011.0,7.0,19,17.0,35.13212,-75.90517,28.1,3.6,1.0,5.0,1.0,9.5,1
2016.0,9.0,17,12.0,-38.287921,144.4853177,13.5,7.2,1.0,5.0,1.0,9.5,1
2013.0,11.0,7,12.0,27.94577,-80.496461,24.6,2.6,1.0,5.0,1.0,9.5,1
2011.0,1.0,3,12.0,-33.649024902,115.349555243,21.0,10.8,1.5,3.0,1.0,4.0,1
2016.0,3.0,11,13.0,27.638883,-80.38908,23.1,5.0,1.0,5.0,1.0,12.0,1
2015.0,1.0,19,12.0,30.1852107,-85.7308328,15.9,1.0,1.0,5.0,1.0,9.5,1
2015.0,7.0,23,12.0,-38.218595687,141.796191537,12.2,6.2,1.0,5.0,1.0,9.5,1
2014.0,3.0,22,19.0,26.1,-80.1,26.0,4.6,0.0,0.0,0.0,0.0,0
2012.0,5.0,20,12.0,21.324662,-157.984648,26.2,3.6,1.0,5.0,1.0,9.5,1
2014.0,11.0,10,4.0,-30.7,154.0,25.4,10.3,2.0,8.0,2.0,8.0,0
2015.0,6.0,11,6.1,34.23,-77.95,27.2,5.0,1.0,5.0,1.0,9.5,0
2011.0,11.0,11,6.0,-20.6,55.3,25.5,9.3,2.0,9.0,1.5,10.0,0
2013.0,11.0,23,9.0,-33.866709908,114.989080385,25.8,5.0,1.0,5.0,1.0,9.5,1
2014.0,8.0,29,2.0,30.19,-81.69,29.4,2.1,1.0,5.0,1.0,9.5,0
2016.0,3.0,11,13.0,27.86,-80.45,21.5,8.2,1.0,5.0,1.0,9.5,0
2011.0,5.0,30,12.5,29.0,-94.9,26.6,10.0,1.0,5.0,1.0,9.5,0
2014.0,5.0,6,19.83,31.4,-80.9,23.0,4.0,0.5,4.0,1.0,9.5,0
2017.0,8.0,3,0.83,41.4,-70.2,21.6,5.0,0.5,7.0,1.0,9.5,0
2012.0,8.0,15,12.0,30.272469,-87.68743,25.8,1.0,1.0,5.0,1.0,9.5,1
2017.0,6.0,7,0.0,49.7,-3.3,13.2,16.5,1.0,5.0,1.0,9.5,0
2015.0,6.0,23,14.6,32.04,-80.9,29.6,3.6,1.0,5.0,1.0,9.5,0
2014.0,9.0,2,17.92,27.6,-80.2,30.4,5.0,0.5,10.0,0.5,13.0,0
2016.0,7.0,15,9.0,33.3,-118.0,22.0,4.6,1.0,4.0,1.0,4.0,0
2012.0,3.0,14,4.0,28.42,-80.59,22.3,2.1,1.0,5.0,1.0,9.5,0
2013.0,6.0,6,16.0,-35.07123,150.783,25.8,10.3,1.5,10.0,2.5,12.0,1
2014.0,8.0,1,14.0,-34.0999,18.45776,14.7,1.0,1.0,5.0,1.0,9.5,1
2014.0,6.0,7,4.0,29.48,-94.92,26.5,4.6,1.0,5.0,1.0,9.5,0
2014.0,7.0,27,5.03,33.91,-78.15,29.4,8.2,1.0,5.0,1.0,9.5,0
2015.0,6.0,24,12.0,34.425619,-77.546911,27.7,8.7,1.0,5.0,1.0,9.5,1
2016.0,4.0,13,12.0,26.785748,-80.037079,26.0,4.1,1.0,5.0,1.0,9.5,1
2015.0,10.0,4,8.0,29.029722,-80.9237495,28.2,1.5,1.0,5.0,1.0,9.5,1
2012.0,6.0,26,15.0,29.029722,-80.9237495,27.0,13.0,2.0,6.0,1.0,9.5,1
2012.0,1.0,22,12.0,24.3096411,-75.4433707,25.1,4.1,0.5,1.0,1.5,3.0,1
2017.0,7.0,9,0.0,25.7,-80.0,27.7,0.5,0.0,0.0,1.0,9.5,0
2011.0,11.0,22,12.0,36.32635,-121.5041,12.7,5.0,0.5,10.0,0.5,11.0,1
2013.0,10.0,20,18.62,22.3,-159.6,26.9,5.0,2.0,10.0,1.5,11.0,0
2016.0,11.0,28,11.0,-38.267488026,144.656118018,16.3,8.7,1.0,5.0,1.0,9.5,1
2017.0,2.0,1,6.13,32.3,-80.4,13.2,6.0,1.0,5.0,1.0,9.5,0
2016.0,5.0,18,18.9,29.98,-81.63,28.1,3.1,1.0,5.0,1.0,9.5,0
2011.0,4.0,22,6.0,28.42,-80.59,26.6,2.3,1.0,5.0,1.0,9.5,0
2012.0,10.0,30,13.83,40.7,-124.6,12.9,7.0,0.5,3.0,2.0,11.0,0
2011.0,8.0,17,19.0,34.5,-77.3,28.5,7.0,1.0,5.0,1.0,9.5,0
2015.0,10.0,7,16.0,-32.6036296,115.6310248,18.4,5.7,1.0,5.0,1.0,9.5,1
2017.0,1.0,5,11.5,27.86,-80.45,17.4,5.0,1.0,5.0,1.0,9.5,0
2016.0,9.0,18,10.0,29.029722,-80.9237495,29.4,1.0,1.0,5.0,1.0,9.5,1
2017.0,2.0,17,10.0,-26.73731,153.05237,29.0,8.7,1.0,5.0,1.0,9.5,1
2014.0,8.0,31,16.0,29.029722,-80.9237495,29.5,1.0,1.0,5.0,1.0,9.5,1
2016.0,9.0,17,19.75,41.06,-124.15,11.5,5.0,1.0,5.0,1.0,9.5,0
2012.0,10.0,18,7.0,20.8970291,-156.4605383,25.6,6.2,1.0,5.0,1.0,9.5,1
2016.0,5.0,21,4.1,27.98,-82.83,28.2,3.6,1.0,5.0,1.0,9.5,0
2015.0,9.0,19,12.0,34.504150485735,-120.228120648486,21.5,2.0,0.5,4.0,2.0,9.0,1
2012.0,1.0,3,20.0,-33.457302908629,151.439564941063,23.0,17.0,3.0,4.0,1.0,9.5,1
2015.0,9.0,18,19.0,30.502624,-81.450598,26.5,8.7,1.0,5.0,1.0,9.5,1
2016.0,10.0,1,17.0,29.029722,-80.9237495,29.5,0.5,1.0,5.0,1.0,9.5,1
2016.0,8.0,29,14.0,29.029722,-80.9237495,30.0,7.7,1.5,3.0,1.0,9.5,1
2017.0,8.0,1,10.0,37.250009489828,-122.396111722289,23.6,4.6,1.0,5.0,1.0,9.5,1
2013.0,7.0,11,10.98,33.7,-78.0,28.4,5.0,1.5,5.0,1.0,9.5,0
2015.0,9.0,19,6.83,34.3,-120.5,21.0,7.0,1.5,5.0,2.0,11.0,0
2013.0,10.0,23,15.0,20.919034,-156.494665,27.7,6.2,1.0,5.0,1.0,9.5,1
2014.0,5.0,13,7.0,30.19,-81.69,27.2,3.1,1.0,5.0,1.0,9.5,0
2014.0,6.0,7,12.0,29.2001,-94.9418,29.4,4.1,1.0,5.0,1.0,9.5,1
2012.0,3.0,4,13.0,28.7021316,-80.6671512,22.3,11.3,1.0,5.0,1.0,9.5,1
2015.0,12.0,22,12.0,19.5937997,-155.9715584,25.4,6.7,1.0,5.0,1.0,9.5,1
2014.0,7.0,21,12.0,28.0894482,-80.5660328,25.8,4.1,1.0,5.0,1.0,9.5,1
2014.0,5.0,11,12.0,31.99241,-80.849252,20.1,1.0,1.0,5.0,1.0,9.5,1
2016.0,10.0,2,17.1,28.42,-80.59,29.6,4.6,1.0,5.0,1.0,9.5,0
2014.0,9.0,21,11.0,29.029722,-80.9237495,28.8,2.1,1.0,5.0,1.0,9.5,1
2012.0,5.0,6,14.43,33.6,-118.3,16.5,5.0,1.0,10.0,0.5,11.0,0
2017.0,7.0,14,11.9,46.71,-123.97,14.6,2.6,1.0,5.0,1.0,9.5,0
2015.0,1.0,19,6.0,-28.7,153.9,28.0,7.7,1.0,6.0,1.5,8.0,0
2014.0,5.0,6,15.0,32.14159,-80.751068,18.1,3.1,1.0,5.0,1.0,9.5,1
2017.0,4.0,13,13.0,30.343416819393,-81.83549194372,25.8,3.6,1.0,5.0,1.0,9.5,1
2016.0,8.0,29,15.0,29.029722,-80.9237495,30.0,7.7,1.5,3.0,1.0,9.5,1
2012.0,6.0,18,17.0,34.1,-77.7,25.3,3.0,1.0,5.0,1.0,9.5,0
2011.0,11.0,11,12.0,-21.127674183,55.793279252,25.5,9.3,2.0,9.0,1.5,10.0,1
2014.0,11.0,8,16.0,27.4842788,-80.3052946,24.1,5.0,1.0,9.0,0.5,11.0,1
2016.0,7.0,7,10.0,42.616135,-70.66893,18.1,5.0,0.5,7.0,1.0,9.5,1
2012.0,6.0,3,14.0,-33.02048,151.70915,25.8,2.6,0.5,1.0,1.0,9.5,1
2012.0,9.0,9,14.0,29.029722,-80.9237495,28.2,9.8,1.0,5.0,1.0,9.5,1
2012.0,7.0,30,15.0,42.0007801,-70.0204591,25.8,1.0,1.0,5.0,1.0,9.5,1
2012.0,2.0,25,17.0,-33.3,151.8,25.0,12.9,1.0,5.0,1.0,9.5,0
2016.0,5.0,2,12.0,-41.1365449,174.83883,25.8,5.0,1.0,5.0,1.0,9.5,1
2015.0,7.0,26,9.0,29.86,-81.27,25.3,4.6,1.0,5.0,1.0,9.5,0
2016.0,3.0,3,12.0,-37.044616621165,139.771878952553,19.0,10.8,0.5,2.0,1.0,9.5,1
2013.0,4.0,2,1.0,-32.2,115.7,21.7,6.2,1.0,5.0,1.0,9.5,0
2017.0,1.0,5,12.0,28.2583625,-80.6040184,21.9,5.0,0.5,8.0,1.0,9.5,1
2013.0,8.0,5,15.0,26.44368,-82.10735,25.8,4.6,1.0,5.0,1.0,9.5,1
2015.0,6.0,19,2.57,18.4,-67.3,28.4,5.0,0.5,6.0,1.0,9.5,0
2011.0,6.0,6,12.0,29.029722,-80.9237495,27.9,2.4,1.0,5.0,1.0,9.5,1
2017.0,6.0,19,12.0,26.785748,-80.037079,28.2,8.7,1.0,5.0,1.0,9.5,1
2011.0,5.0,25,0.0,20.04,-155.83,27.7,5.0,1.0,5.0,1.0,9.5,0
2012.0,3.0,14,16.0,29.029722,-80.9237495,22.3,1.5,1.0,5.0,1.0,9.5,1
2016.0,7.0,8,12.0,36.973068,-121.952033,13.9,5.0,1.0,5.0,1.0,9.5,1
2015.0,12.0,26,12.0,-29.5805313,31.1788593,28.0,8.2,2.5,8.0,2.5,8.0,1
2016.0,6.0,21,18.9,33.66,-78.92,26.8,10.8,1.0,5.0,1.0,9.5,0
2012.0,12.0,31,14.0,27.2444691,-80.2252736,22.6,5.0,1.5,6.0,0.5,11.0,1
2012.0,10.0,18,10.0,29.0970105,-80.9357379,25.8,2.1,1.0,5.0,1.0,9.5,1
2013.0,7.0,31,22.0,20.88,-156.7,27.5,8.9,1.0,5.0,1.0,9.5,0
2017.0,7.0,22,12.0,24.6982,-81.67398,31.6,2.1,1.0,5.0,1.0,9.5,1
2015.0,6.0,24,18.1,34.21,-77.79,27.8,9.8,1.0,5.0,1.0,9.5,0
2016.0,9.0,5,12.0,-31.693971366175,115.728988140668,15.1,7.2,0.5,4.0,1.0,9.5,1
2012.0,9.0,2,18.0,29.029722,-80.9237495,28.3,1.5,1.0,5.0,1.0,9.5,1
2014.0,6.0,1,12.0,-35.1,150.9,21.3,8.2,0.5,3.0,1.5,6.0,0
2014.0,10.0,2,17.0,34.747675195913,-120.518949481514,25.8,3.1,1.0,5.0,1.0,9.5,1
2014.0,2.0,20,10.0,-17.2,-150.1,29.0,7.2,1.0,5.0,1.0,9.5,0
2013.0,4.0,4,12.0,27.2444691,-80.2252736,22.2,5.0,1.0,5.0,1.0,9.5,1
2017.0,8.0,29,12.0,-38.3,144.7,12.7,9.8,1.0,5.0,1.0,9.5,0
2015.0,9.0,17,15.0,30.2881812,-81.3920144,25.8,5.0,1.0,5.0,1.0,9.5,1
2012.0,7.0,6,16.0,-34.42562,21.33995,13.0,10.8,1.0,10.0,1.5,10.0,1
2011.0,6.0,26,10.0,34.21,-77.8,24.8,0.5,1.0,5.0,1.0,9.5,0
2013.0,8.0,31,12.0,24.7761474,-76.3035138,30.0,6.7,1.0,3.0,1.0,9.5,1
2017.0,7.0,20,20.13,32.3,-80.4,29.1,7.0,1.0,5.0,1.0,9.5,0
2016.0,3.0,3,12.0,-37.7,139.9,19.0,10.8,0.5,2.0,1.0,9.5,0
2011.0,3.0,24,12.0,21.138483,-86.767015,27.4,7.7,1.0,5.0,1.0,9.5,1
2013.0,3.0,16,0.0,-34.2,18.2,21.0,3.6,3.0,5.0,1.0,9.5,0
2015.0,11.0,10,18.0,-28.861975125,153.585770216,25.8,4.1,1.0,5.0,1.0,9.5,1
2015.0,5.0,15,21.9,32.6,-79.6,22.5,7.2,1.0,5.0,1.0,9.5,0
2017.0,4.0,10,23.35,28.4,-80.5,22.9,5.0,0.5,5.0,1.0,9.5,0
2016.0,2.0,10,12.0,19.3147026,-81.1839617,26.3,12.3,1.0,3.0,1.5,5.0,1
2014.0,8.0,6,14.0,32.655954,-79.941069,25.8,3.6,1.0,5.0,1.0,9.5,1
2014.0,1.0,4,18.0,24.3,126.0,25.0,8.7,1.0,5.0,1.0,9.5,0
2012.0,10.0,19,6.0,27.9,-80.6,24.4,6.7,1.5,3.0,1.0,9.5,0
2016.0,6.0,5,8.0,29.475972,-81.1248531,28.5,9.8,1.0,5.0,1.0,9.5,1
2013.0,9.0,25,17.0,29.73,-84.98,26.9,5.0,1.0,5.0,1.0,9.5,0
2011.0,12.0,31,1.0,26.7,-80.1,22.0,0.5,1.0,5.0,1.0,9.5,0
2011.0,3.0,10,0.0,27.6,33.9,20.0,7.7,1.0,4.0,1.0,3.0,0
2015.0,6.0,17,13.0,29.86,-81.27,26.4,3.1,1.0,5.0,1.0,9.5,0
2015.0,6.0,5,12.0,26.1241631,-80.1435862,25.8,4.6,1.0,5.0,1.0,9.5,1
2011.0,1.0,12,8.0,18.0,-87.5,26.0,10.3,1.5,4.0,1.5,5.0,0
2015.0,12.0,25,14.0,28.1,-15.4,20.3,7.0,1.0,5.0,1.0,9.5,0
2016.0,3.0,4,11.48,26.94,-79.81,25.2,5.0,1.0,5.0,1.0,9.5,0
2012.0,10.0,23,6.17,34.5,-120.8,16.4,5.0,1.5,10.0,1.5,12.0,0
2012.0,3.0,14,16.0,29.029722,-80.9237495,22.3,1.5,1.0,5.0,1.0,9.5,1
2011.0,3.0,23,17.0,-31.841361817,152.75117655,25.8,5.1,0.5,5.0,2.5,9.5,1
2014.0,8.0,9,10.83,28.5,-80.2,28.4,5.0,0.5,8.0,0.5,8.0,0
2011.0,10.0,1,12.0,30.272469,-87.68743,27.0,4.0,1.0,5.0,1.0,9.5,1
2011.0,9.0,2,10.0,29.3,-80.3,30.0,4.6,1.0,5.0,1.0,9.5,0
2013.0,9.0,21,13.0,29.2774764,-81.0417589,25.8,5.0,1.0,5.0,1.0,9.5,1
2016.0,7.0,7,12.0,33.76634,-118.380869,20.0,5.0,1.0,5.0,1.0,9.5,1
2016.0,7.0,16,11.0,29.029722,-80.9237495,31.0,1.0,1.0,5.0,1.0,9.5,1
2013.0,10.0,26,8.0,-31.9,115.5,20.9,7.7,0.5,4.0,1.0,9.0,0
2015.0,12.0,21,1.0,-33.7,152.2,25.0,5.1,1.0,5.0,1.5,6.0,0
2012.0,10.0,10,18.0,37.024394,-122.215803,15.0,6.0,1.0,5.0,1.0,9.5,1
2015.0,6.0,23,12.0,32.427134,-80.469145,25.8,1.0,1.0,5.0,1.0,9.5,1
2016.0,7.0,6,0.75,27.86,-80.45,29.0,6.2,1.0,5.0,1.0,9.5,0
2014.0,1.0,26,12.0,-33.517377822,151.315083629,22.0,2.6,1.0,1.0,1.0,1.0,1
2013.0,8.0,18,22.0,19.73,-155.06,26.2,4.1,1.0,5.0,1.0,9.5,0
2015.0,3.0,11,12.0,-28.631810047003,153.585764536078,29.0,9.8,1.5,8.0,1.0,9.0,1
2015.0,2.0,5,0.0,-33.2,151.7,25.0,10.3,2.0,5.0,3.0,7.0,0
2014.0,7.0,12,12.0,34.12545,-77.85804,25.8,2.1,1.0,5.0,1.0,9.5,1
2016.0,6.0,27,22.13,32.3,-80.4,28.4,5.0,1.0,5.0,1.0,9.5,0
2017.0,5.0,27,12.0,-29.112681283,153.42919478,27.0,8.2,1.0,5.0,1.5,6.0,1
2017.0,7.0,23,12.0,39.34039,-74.47737,24.3,5.0,1.0,5.0,1.0,9.5,1
2012.0,4.0,19,19.0,28.0894482,-80.5660328,23.3,5.0,1.0,4.0,1.0,9.5,1
2012.0,11.0,27,14.0,-26.680701789,153.117173326,25.8,5.0,1.0,5.0,1.0,9.5,1
2011.0,2.0,18,23.0,-20.7,55.9,28.4,8.2,1.0,5.0,1.0,9.5,0
2015.0,5.0,7,15.0,28.320224,-80.608867,24.6,2.1,1.0,5.0,1.0,9.5,1
2013.0,10.0,28,23.52,-21.65,114.68,24.6,5.0,1.0,5.0,1.0,9.5,0
2011.0,10.0,29,4.07,36.4,-122.2,15.3,5.0,1.5,6.0,2.0,14.0,0
2014.0,10.0,12,15.0,28.068399,-80.558423,25.8,5.1,1.0,5.0,1.0,9.5,1
2014.0,5.0,1,15.0,29.029722,-80.9237495,25.4,3.1,1.0,5.0,1.0,9.5,1
2015.0,6.0,25,11.0,35.56685,-75.46849,27.2,4.6,1.0,5.0,1.0,9.5,1
2012.0,4.0,19,18.0,-33.8,18.4,10.0,14.4,1.0,5.0,1.5,8.0,0
2013.0,11.0,12,15.0,-31.877937,115.75177,20.3,5.0,1.0,5.0,1.0,9.5,1
2012.0,6.0,15,14.0,24.661499,-81.443191,31.0,2.6,0.5,2.0,1.0,9.5,1
2013.0,7.0,29,6.0,21.43,-157.79,28.6,4.1,1.0,5.0,1.0,9.5,0
2016.0,6.0,7,11.0,32.655954,-79.941069,25.8,4.6,1.0,5.0,1.0,9.5,1
2011.0,7.0,7,8.83,27.0,-96.7,29.2,5.1,0.5,3.0,1.0,9.5,0
2014.0,10.0,12,1.15,28.4,-80.5,27.9,5.0,0.5,7.0,1.0,9.5,0
2011.0,7.0,25,12.0,39.52873,-74.64794,25.8,3.1,1.0,5.0,1.0,9.5,1
2014.0,11.0,13,13.0,20.86774,-156.61706,26.7,1.5,1.0,5.0,1.0,9.5,1
2014.0,8.0,28,12.0,38.2060778,-75.1546498,23.9,3.1,1.0,5.0,1.0,9.5,1
2011.0,10.0,22,13.0,-32.007488242,115.520328532,20.2,5.0,1.0,5.0,1.0,9.5,1
2012.0,7.0,31,19.0,33.72,-118.27,16.0,5.0,1.0,5.0,1.0,9.5,0
2012.0,7.0,14,9.0,-30.82099929,115.206025539,21.3,5.0,1.0,5.0,1.0,9.5,1
2016.0,10.0,21,12.0,21.4,-156.7,27.0,11.8,5.0,5.0,1.0,9.5,0
2016.0,9.0,18,13.0,29.029722,-80.9237495,29.4,1.0,1.0,5.0,1.0,9.5,1
2012.0,5.0,23,16.0,30.67,-81.47,24.8,5.0,1.0,5.0,1.0,9.5,0
2016.0,5.0,21,4.0,30.19,-81.69,27.1,2.1,1.0,5.0,1.0,9.5,0
2013.0,9.0,12,13.0,29.029722,-80.9237495,29.6,1.0,1.0,5.0,1.0,9.5,1
2013.0,3.0,12,9.0,18.0041868,-76.9726131,25.8,6.2,0.5,6.0,1.0,9.5,1
2015.0,6.0,27,0.5,35.8,-75.3,25.1,5.0,1.0,7.0,1.0,9.5,0
2015.0,4.0,13,12.0,24.66709,-81.58314,27.7,5.0,1.0,5.0,1.0,9.5,1
2012.0,6.0,2,19.0,33.68785,-78.883852,25.8,4.1,1.0,5.0,1.0,9.5,1
2015.0,8.0,20,12.0,33.551824,-79.048357,28.6,1.5,1.0,5.0,1.0,9.5,1
2016.0,6.0,15,6.0,21.96052,-159.35018,26.9,8.7,1.0,5.0,1.0,9.5,1
2014.0,5.0,10,0.0,27.5,-79.9,28.0,9.8,0.5,3.0,1.0,9.5,0
2013.0,1.0,26,12.0,-38.43333,141.55,18.7,4.1,1.0,5.0,1.0,9.5,1
2016.0,10.0,14,20.0,20.7,-156.7,27.6,5.1,1.0,5.0,1.0,9.5,0
2015.0,5.0,20,10.0,29.029722,-80.9237495,27.5,3.6,1.0,5.0,1.0,9.5,1
2016.0,4.0,9,10.0,-21.307791316,165.701841842,29.0,7.7,1.0,5.0,1.0,9.5,1
2011.0,7.0,19,3.0,35.0,-75.2,28.0,5.1,1.0,5.0,1.0,9.5,0
2017.0,4.0,12,8.5,30.19,-81.69,22.7,5.0,1.0,5.0,1.0,9.5,0
2014.0,7.0,5,9.0,33.885092,-118.40971,21.7,1.0,1.0,5.0,1.0,9.5,1
2015.0,5.0,2,13.0,-31.62291,29.54477,18.8,3.6,3.0,2.0,3.0,2.0,1
2012.0,9.0,6,14.0,30.67,-81.47,29.4,2.6,1.0,5.0,1.0,9.5,0
2015.0,8.0,10,8.0,37.9976013563,-122.242399196998,25.8,5.7,1.0,5.0,1.0,9.5,1
2017.0,7.0,20,7.0,34.4162748,-119.8338425,25.8,1.5,1.0,5.0,1.0,9.5,1
2011.0,7.0,13,12.0,26.5174143,-78.7686115,28.0,3.0,1.0,5.0,0.0,0.0,1
2015.0,7.0,4,6.0,26.2,-78.4,28.0,9.8,2.5,4.0,2.0,3.0,0
2015.0,5.0,15,14.0,32.762889,-79.83623,23.3,6.2,1.0,5.0,1.0,9.5,1
2014.0,5.0,1,6.0,28.42,-80.59,25.4,3.1,1.0,5.0,1.0,9.5,0
2017.0,5.0,30,21.0,32.78,-79.92,26.7,3.1,1.0,5.0,1.0,9.5,0
2012.0,1.0,27,11.0,20.82757,-156.92399,24.4,5.0,1.0,10.0,0.5,13.0,1
2014.0,8.0,25,12.0,29.67299,-84.96185,30.8,5.7,1.0,5.0,1.0,9.5,1
2014.0,8.0,10,12.0,25.9847185,-80.1477783,25.8,1.0,1.0,5.0,1.0,9.5,1
2012.0,11.0,30,8.8,21.0,-156.4,24.4,5.0,1.5,10.0,2.0,12.0,0
2011.0,7.0,7,17.0,28.670634185881,-96.557673771471,30.7,5.7,1.0,5.0,1.0,9.5,1
2012.0,6.0,22,19.08,-43.35,147.63,13.7,5.0,1.0,5.0,1.0,9.5,0
2015.0,5.0,20,13.0,28.42,-80.59,27.4,4.6,1.0,5.0,1.0,9.5,0
2012.0,7.0,30,14.83,42.3,-70.7,19.6,1.0,1.0,6.0,0.5,6.0,0
2011.0,12.0,21,12.0,21.86861,-159.44436,25.3,5.0,1.0,5.0,1.0,9.5,1
2016.0,7.0,17,12.0,30.763487,-88.1269874,25.8,5.0,1.0,5.0,1.0,9.5,1
2015.0,11.0,16,12.0,28.7021316,-80.6671512,25.6,3.6,1.0,5.0,1.0,9.5,1
2013.0,4.0,4,14.6,27.6,-80.2,22.1,5.0,1.0,5.0,1.0,9.5,0
2014.0,12.0,28,19.0,36.9,24.6,15.7,15.4,1.0,5.0,1.0,9.5,0
2016.0,4.0,13,7.0,26.6,-79.4,26.0,5.1,1.0,2.0,1.0,9.5,0
2016.0,9.0,11,11.5,29.98,-81.63,29.3,1.0,1.0,5.0,1.0,9.5,0
2015.0,11.0,3,11.0,19.39356,-154.9301,26.8,2.1,1.0,5.0,1.0,9.5,1
2013.0,5.0,4,16.0,27.86,-80.45,24.9,5.1,1.0,5.0,1.0,9.5,0
2016.0,7.0,17,22.2,30.42,-87.83,30.0,5.0,1.0,5.0,1.0,9.5,0
2014.0,7.0,3,18.0,32.7884238,-79.7877544,28.9,7.7,1.0,5.0,1.0,9.5,1
2016.0,2.0,22,19.0,-22.27407,166.44884,30.0,7.7,1.0,5.0,1.0,9.5,1
2016.0,8.0,25,16.0,30.094227,-81.405774,30.8,3.1,1.0,5.0,1.0,9.5,1
2014.0,4.0,4,9.0,28.42,-80.59,22.9,2.6,1.0,5.0,1.0,9.5,0
2012.0,7.0,24,21.0,34.1,-77.7,28.3,9.0,1.0,5.0,1.0,9.5,0
2014.0,3.0,18,17.0,-28.813397609,153.596179398,25.8,5.0,1.0,5.0,1.0,9.5,1
2013.0,1.0,5,10.0,-20.38811,116.8805,25.8,1.0,1.0,5.0,1.0,9.5,1
2015.0,9.0,20,3.0,28.42,-80.59,27.8,2.1,1.0,5.0,1.0,9.5,0
2013.0,7.0,29,14.0,21.3035,-158.0452,26.8,5.0,1.0,10.0,1.0,12.0,1
2015.0,10.0,13,11.0,35.5808,-121.11908,17.8,5.0,1.5,10.0,1.5,11.0,1
2014.0,4.0,3,0.0,-37.0,150.3,23.0,18.0,1.0,5.0,1.0,9.5,0
2012.0,7.0,6,6.0,-34.8,21.3,13.0,10.8,1.0,10.0,1.5,10.0,0
2013.0,10.0,26,16.0,-21.266040602,55.366755393,24.5,5.0,1.0,5.0,1.0,9.5,1
2017.0,4.0,11,16.0,29.2774764,-81.0417589,25.8,2.6,1.0,5.0,1.0,9.5,1
2012.0,12.0,2,16.0,-35.0152,150.7679,25.8,3.1,0.5,1.0,0.5,1.0,1
2014.0,7.0,5,15.58,35.2,-120.9,14.3,5.0,1.0,8.0,0.5,15.0,0
2014.0,3.0,21,12.0,26.6691383,-80.0699431,24.5,6.7,1.0,5.0,1.0,9.5,1
2015.0,10.0,13,10.88,35.2,-120.9,17.8,5.0,1.5,10.0,1.0,11.0,0
2017.0,6.0,4,12.0,25.135663737474,-81.519588715928,29.4,5.0,1.0,5.0,1.0,9.5,1
2015.0,3.0,21,20.0,25.1,35.8,23.5,7.2,1.0,5.0,1.0,9.5,0
2015.0,10.0,4,11.0,28.42,-80.59,28.2,3.1,1.0,5.0,1.0,9.5,0
2013.0,7.0,28,1.57,27.65,-78.29,27.9,5.0,1.0,5.0,1.0,9.5,0
2016.0,10.0,29,23.9,30.67,-81.47,23.9,5.0,1.0,5.0,1.0,9.5,0
2017.0,6.0,10,13.7,28.42,-80.59,23.7,1.5,1.0,5.0,1.0,9.5,0
2014.0,10.0,5,11.0,29.029722,-80.9237495,25.8,4.1,1.0,2.0,1.5,3.0,1
2014.0,5.0,15,22.0,28.2,-80.3,25.0,8.7,2.5,5.0,1.0,9.5,0
2016.0,4.0,7,4.7,24.56,-81.81,26.2,1.5,1.0,5.0,1.0,9.5,0
2013.0,4.0,14,12.0,-34.17286,18.66443,14.5,6.7,1.0,2.0,1.0,2.0,1
2012.0,2.0,26,14.0,26.77229,-80.03726,23.5,8.7,1.0,5.0,1.0,9.5,1
2016.0,1.0,11,18.0,-27.4,153.1,26.5,2.1,1.0,5.0,1.0,9.5,0
2011.0,9.0,4,9.65,21.4,-157.7,25.9,5.0,1.5,7.0,0.5,11.0,0
2011.0,8.0,24,7.0,34.23,-77.95,29.5,5.0,1.0,5.0,1.0,9.5,0
2014.0,11.0,10,6.0,-30.208476167,153.1531743,25.4,10.3,2.0,8.0,2.0,8.0,1
2016.0,7.0,15,17.0,33.72762,-118.082212,25.8,6.7,1.0,5.0,1.0,9.5,1
2015.0,10.0,9,10.0,21.439542579,-157.94363193,26.2,5.0,1.0,5.0,1.0,9.5,1
2011.0,10.0,19,18.0,-38.2,144.9,15.1,18.0,1.0,5.0,1.0,9.5,0
2017.0,3.0,7,17.0,26.06,-97.22,21.8,5.1,1.0,5.0,1.0,9.5,0
2017.0,6.0,10,10.0,29.0970105,-80.9357379,25.8,3.6,1.0,5.0,1.0,9.5,1
2017.0,7.0,20,9.0,34.2,-119.4,18.9,5.0,1.0,6.0,0.5,11.0,0
2016.0,7.0,23,12.0,26.76799,-77.33079,26.6,8.7,2.0,8.0,2.0,8.0,1
2011.0,12.0,31,18.0,26.9341448,-80.0997362,21.8,0.5,1.0,5.0,1.0,9.5,1
2013.0,10.0,6,8.0,40.741892,-124.210936,25.8,3.8,1.0,5.0,1.0,9.5,1
2015.0,9.0,20,12.0,30.6686874,-81.4343693,25.8,1.8,1.0,5.0,1.0,9.5,1
2016.0,5.0,18,12.0,30.094227,-81.405774,26.6,1.5,1.0,5.0,1.0,9.5,1
2011.0,12.0,21,12.0,-33.96109,25.61494,25.8,5.0,1.0,5.0,1.0,9.5,1
2015.0,5.0,24,10.0,28.4,-80.3,28.2,8.7,1.0,5.0,1.0,9.5,0
2016.0,1.0,24,12.0,25.11641,56.34141,26.0,2.6,1.0,5.0,1.0,9.5,1
2014.0,8.0,25,0.0,30.15,-85.67,31.5,4.6,1.0,5.0,1.0,9.5,0
2011.0,6.0,12,17.0,26.61,-80.03,28.4,4.6,1.0,5.0,1.0,9.5,0
2015.0,5.0,2,2.0,-32.1,29.4,18.8,3.6,3.0,2.0,3.0,2.0,0
2016.0,10.0,15,18.0,-26.80074,153.14466,17.5,5.0,1.0,5.0,1.0,9.5,1
2013.0,7.0,31,8.0,20.6903,-156.4436,26.7,7.7,1.0,5.0,1.0,9.5,1
2016.0,1.0,25,11.9,21.95,-159.36,25.6,2.6,1.0,5.0,1.0,9.5,0
2016.0,6.0,14,17.0,29.20208,-94.940605,25.8,5.0,1.0,5.0,1.0,9.5,1
2015.0,2.0,5,12.0,-32.947968,151.756403,25.0,10.3,2.0,5.0,3.0,7.0,1
2011.0,4.0,22,15.0,29.029722,-80.9237495,26.1,2.8,1.0,5.0,1.0,9.5,1
2013.0,8.0,29,12.0,33.58336,-118.38424,18.8,5.0,0.5,4.0,0.5,18.0,1
2017.0,3.0,1,12.0,24.1732835,-76.4454252,25.5,12.3,1.0,2.0,1.0,2.0,1
2011.0,8.0,28,19.0,28.05141,-97.15388,32.0,3.1,1.0,5.0,1.0,9.5,1
2015.0,6.0,25,2.2,35.8,-75.55,27.2,3.1,1.0,5.0,1.0,9.5,0
2017.0,7.0,14,18.0,46.951674091798,-123.819700901536,13.3,1.5,1.0,5.0,1.0,9.5,1
2014.0,11.0,16,10.65,28.4,-80.5,21.6,5.0,0.5,8.0,1.0,9.5,0
2016.0,8.0,7,12.0,25.0465887,-77.3765998,29.0,8.7,1.0,3.0,0.5,1.0,1
2012.0,9.0,25,14.25,28.4,-80.5,27.5,5.0,0.5,9.0,0.5,11.0,0
2015.0,1.0,3,12.0,-33.4,27.8,19.8,6.2,0.5,99.0,1.0,9.5,0
2016.0,10.0,10,8.67,46.2,-124.1,13.2,2.0,1.0,5.0,1.0,9.5,0
2017.0,7.0,7,18.0,-33.8,27.5,24.0,3.1,1.5,6.0,3.0,12.0,0
2016.0,3.0,13,11.0,33.9,-118.4,15.0,4.1,1.0,5.0,1.0,9.5,0
2012.0,9.0,16,3.33,28.5,-80.2,27.8,5.9,1.0,5.0,1.0,9.5,0
2011.0,9.0,11,0.43,-10.41,148.33,24.7,5.0,1.0,5.0,1.0,9.5,0
2015.0,9.0,26,12.0,-27.683219916,153.390457149,23.0,13.4,4.0,12.0,1.0,9.5,1
2015.0,7.0,2,9.0,-28.861975125,153.585770216,25.4,9.8,0.5,2.0,1.0,4.0,1
2012.0,12.0,5,13.0,22.04942,-159.53099,26.2,5.0,1.0,5.0,1.0,9.5,1
2014.0,11.0,29,0.0,-32.2,115.7,20.7,5.7,1.0,5.0,1.0,9.5,0
2012.0,3.0,15,15.0,27.2444691,-80.2252736,23.8,5.0,1.5,6.0,0.5,11.0,1
2011.0,7.0,13,20.0,26.110983,-97.165717,28.5,5.1,1.0,5.0,1.0,9.5,1
2017.0,3.0,19,21.0,-33.8,151.2,25.0,5.1,0.0,0.0,1.0,9.5,0
2012.0,10.0,27,8.0,20.9,-156.47,26.2,5.7,1.0,5.0,1.0,9.5,0
2015.0,10.0,5,10.0,29.300128,-94.795846,25.5,5.0,1.0,5.0,1.0,9.5,1
2015.0,6.0,26,19.0,30.2881812,-81.3920144,25.8,5.0,1.0,5.0,1.0,9.5,1
2013.0,6.0,25,12.0,30.325968,-81.65676,25.8,2.3,1.0,5.0,1.0,9.5,1
2012.0,11.0,4,8.0,21.966609,-159.713613,27.2,5.0,1.0,5.0,1.0,9.5,1
2014.0,6.0,1,13.0,26.1241631,-80.1435862,25.8,4.1,1.0,5.0,1.0,9.5,1
2017.0,8.0,23,10.0,41.8910875,-69.96351,21.0,5.0,0.0,5.0,1.0,9.5,1
2016.0,7.0,7,3.37,33.9,-118.6,20.8,5.0,0.5,6.0,0.5,13.0,0
2015.0,10.0,7,14.0,-32.2,115.7,18.6,6.7,1.0,5.0,1.0,9.5,0
2015.0,11.0,15,11.0,26.7043265,-80.0364366,28.0,10.3,1.0,5.0,3.0,8.0,1
2011.0,1.0,28,12.0,18.9,-105.1,29.0,5.1,1.5,4.0,1.0,9.5,0
2014.0,8.0,29,16.0,30.3336079,-81.397624,25.8,5.0,1.0,5.0,1.0,9.5,1
2015.0,9.0,20,16.0,29.029722,-80.9237495,27.9,5.1,1.0,5.0,1.0,9.5,1
2016.0,8.0,4,11.0,28.42,-80.59,29.6,3.1,1.0,5.0,1.0,9.5,0
2012.0,10.0,16,17.0,27.0676296,-80.1358242,29.0,7.7,1.0,5.0,1.0,9.5,1
2015.0,7.0,1,12.0,35.1084829,-75.9778046,27.2,6.2,1.0,5.0,1.0,9.5,1
2015.0,9.0,5,8.58,34.0,-119.3,21.4,5.0,0.5,10.0,0.5,18.0,0
2013.0,11.0,10,11.0,25.562300966667,-76.718714533333,24.0,12.9,2.0,6.0,1.0,9.5,1
2013.0,2.0,9,16.0,-16.7,-151.4,28.8,5.0,1.0,5.0,1.0,9.5,0
2013.0,10.0,19,12.0,25.7922359,-80.134852,27.7,3.6,1.0,5.0,1.0,9.5,1
2016.0,7.0,14,6.0,25.6,-77.4,26.0,7.2,1.0,1.0,1.0,1.0,0
2014.0,7.0,27,12.0,33.8924012,-78.5032644,25.8,5.0,1.0,5.0,1.0,9.5,1
2017.0,4.0,20,4.13,32.8,-79.6,22.4,3.0,1.0,5.0,1.0,9.5,0
2012.0,6.0,14,13.0,33.68785,-78.883852,25.8,5.0,1.0,5.0,1.0,9.5,1
2012.0,8.0,26,12.0,-8.287369,-35.035105,25.8,6.0,2.5,10.0,1.0,9.5,1
2011.0,10.0,28,15.0,57.8,-2.6,11.9,8.7,1.0,5.0,1.0,9.5,0
2015.0,8.0,18,11.0,38.537275,-0.1404609,27.4,1.5,1.0,5.0,1.0,9.5,1
2016.0,10.0,30,12.0,30.378533,-81.410167,23.6,3.6,1.0,5.0,1.0,9.5,1
2015.0,8.0,29,16.4,35.17,-120.75,18.4,5.0,1.0,5.0,1.0,9.5,0
2011.0,9.0,24,15.0,27.462166597969,-82.660453417369,25.8,2.6,1.0,5.0,1.0,9.5,1
2016.0,7.0,29,11.0,38.25662,-0.51846,25.8,5.0,1.0,5.0,1.0,9.5,1
2017.0,5.0,3,4.0,34.01,-118.5,15.7,0.5,1.0,5.0,1.0,9.5,0
2017.0,4.0,29,17.0,33.384955,-117.572537,17.6,5.0,1.5,10.0,0.5,11.0,1
2011.0,10.0,28,12.0,57.668674919,-3.083374724,11.7,5.7,1.0,5.0,1.0,9.5,1
2012.0,2.0,6,12.0,-26.755036297,153.127536265,28.0,3.1,0.5,2.0,1.0,2.0,1
2012.0,9.0,25,16.0,28.068399,-80.558423,25.8,1.0,1.0,5.0,1.0,9.5,1
2011.0,8.0,17,5.0,34.21,-77.8,29.2,0.5,1.0,5.0,1.0,9.5,0
2015.0,4.0,29,9.0,20.66956,-156.44219,25.8,10.8,1.0,5.0,1.0,9.5,1
2012.0,8.0,4,12.0,-15.74795,-146.69381,29.7,7.7,1.0,5.0,1.0,9.5,1
2015.0,9.0,4,20.0,-32.1,152.9,20.0,7.7,2.5,8.0,2.5,7.0,0
2012.0,6.0,2,2.0,28.42,-80.59,27.1,2.6,1.0,5.0,1.0,9.5,0
2011.0,10.0,11,2.83,28.5,-80.2,27.8,6.8,2.5,10.0,1.0,9.5,0
2014.0,10.0,22,10.0,20.7814563,-156.4626867,27.1,3.6,1.0,5.0,1.0,9.5,1
2011.0,6.0,6,0.15,32.5,-117.4,18.1,5.0,1.0,10.0,1.0,11.0,0
2014.0,9.0,6,5.0,30.65,-88.06,30.4,1.0,1.0,5.0,1.0,9.5,0
2014.0,12.0,28,6.83,35.0,-121.0,15.3,5.0,1.5,14.0,1.0,9.5,0
2015.0,10.0,5,9.0,29.3,-94.5,26.3,11.3,2.0,4.0,1.0,9.5,0
2015.0,9.0,20,7.0,29.9354428,-81.3019633,26.4,3.1,1.0,5.0,1.0,9.5,1
2012.0,6.0,14,12.0,33.68785,-78.883852,25.8,5.0,1.0,5.0,1.0,9.5,1
2013.0,7.0,15,14.0,-21.0145158,55.2611012,23.9,5.0,1.0,5.0,1.0,9.5,1
2012.0,5.0,12,13.12,35.2,-120.9,11.8,5.0,1.0,10.0,0.5,11.0,0
2016.0,7.0,26,17.0,-28.9,153.9,23.1,11.3,1.0,5.0,1.0,9.5,0
2011.0,11.0,28,12.0,-27.181553443513,152.942119442365,26.8,8.2,1.0,5.0,1.0,9.5,1
2016.0,5.0,3,15.0,20.681265,-156.443428,25.8,5.0,1.0,5.0,1.0,9.5,1
2015.0,9.0,26,0.0,-27.9,153.8,23.0,13.4,4.0,12.0,1.0,9.5,0
2015.0,7.0,3,18.0,-28.4,153.9,24.0,9.8,1.0,5.0,1.0,9.5,0
2012.0,9.0,2,14.0,28.42,-80.59,27.9,4.1,1.0,5.0,1.0,9.5,0
2012.0,9.0,24,8.83,28.5,-80.2,28.4,6.4,1.0,11.0,1.0,9.5,0
2017.0,2.0,1,12.0,32.18617740189,-80.714270212089,12.8,1.5,1.0,5.0,1.0,9.5,1
2012.0,4.0,1,8.0,26.65,-81.87,25.8,2.1,1.0,5.0,1.0,9.5,0
2011.0,6.0,28,12.0,-30.26041,30.82509,25.0,7.7,1.0,3.0,1.5,4.0,1
2011.0,9.0,2,11.0,29.029722,-80.9237495,30.0,4.6,1.0,5.0,1.0,9.5,1
2013.0,12.0,2,18.0,20.9,-156.47,25.6,1.5,1.0,5.0,1.0,9.5,0
2013.0,9.0,8,12.0,32.427134,-80.469145,25.8,0.5,1.0,5.0,1.0,9.5,1
2011.0,9.0,4,13.0,21.439542579,-157.94363193,27.9,5.1,1.0,5.0,1.0,9.5,1
2015.0,11.0,1,8.83,28.5,-80.2,26.5,4.0,0.5,3.0,1.0,10.0,0
2014.0,7.0,14,14.0,30.394995,-86.601875,27.6,1.0,1.0,5.0,1.0,9.5,1
2013.0,11.0,30,14.0,-33.274481159205,151.311602214409,21.0,3.6,1.0,0.0,1.0,2.0,1
2011.0,11.0,12,12.0,-8.0248,-34.8574,25.8,7.7,1.0,5.0,2.0,14.0,1
2013.0,12.0,11,8.0,19.1330454,-155.5090425,25.1,3.6,1.0,5.0,1.0,9.5,1
2015.0,6.0,24,18.0,-29.2,154.0,17.0,5.1,1.0,3.0,1.0,3.0,0
2013.0,7.0,30,12.0,32.7884238,-79.7877544,29.0,2.1,1.0,5.0,1.0,9.5,1
2016.0,6.0,25,14.0,34.701134,-76.740173,23.1,2.6,1.0,5.0,1.0,9.5,1
2011.0,10.0,22,1.35,-31.82,115.72,19.6,5.0,1.0,5.0,1.0,9.5,0
2013.0,10.0,31,15.0,20.8970291,-156.4605383,26.5,6.2,1.0,5.0,1.0,9.5,1
2013.0,7.0,17,5.83,30.0,-80.5,27.1,4.0,0.5,3.0,1.0,6.0,0
2013.0,7.0,7,0.0,41.6,3.2,19.9,6.7,1.0,5.0,1.0,9.5,0
2012.0,6.0,20,1.65,-31.98,115.25,22.3,5.0,1.0,5.0,1.0,9.5,0
2015.0,9.0,20,3.2,30.4,-81.43,27.1,1.0,1.0,5.0,1.0,9.5,0
2016.0,6.0,21,15.0,33.8074384,-78.7152584,25.9,12.0,1.0,5.0,1.0,9.5,1
2016.0,3.0,30,19.0,-34.659007,150.854459,24.0,3.6,0.5,3.0,0.5,3.0,1
2016.0,9.0,7,18.07,21.7,-158.1,26.8,5.0,1.0,6.0,0.5,11.0,0
2015.0,10.0,9,16.0,32.154981068326,-80.738012717321,23.8,3.1,1.0,5.0,1.0,9.5,1
2017.0,7.0,20,11.0,34.410297,-119.691837,25.8,1.5,1.0,5.0,1.0,9.5,1
2012.0,12.0,19,8.0,-31.877937,115.75177,23.0,10.8,1.0,5.0,1.0,9.5,1
2014.0,7.0,3,4.83,32.5,-79.1,28.3,10.0,2.0,8.0,2.5,10.0,0
2016.0,5.0,15,13.0,26.350568,-80.0899135,25.8,2.6,1.0,5.0,1.0,9.5,1
2011.0,5.0,10,20.0,26.09,-80.11,28.0,5.1,1.0,5.0,1.0,9.5,0
2012.0,7.0,14,10.08,-30.45,114.53,21.3,5.0,1.0,5.0,1.0,9.5,0
2012.0,6.0,22,12.0,-43.63,146.78999,13.7,5.0,1.0,5.0,1.0,9.5,1
2017.0,2.0,17,14.0,-27.2,153.2,29.0,8.7,1.0,5.0,1.0,9.5,0
2015.0,9.0,20,7.9,29.8,-81.55,26.4,5.0,1.0,5.0,1.0,9.5,0
2011.0,10.0,2,12.0,27.462166597969,-82.660453417369,25.8,6.7,1.0,5.0,1.0,9.5,1
2011.0,4.0,26,14.0,26.09,-80.11,27.7,5.1,1.0,5.0,1.0,9.5,0
2011.0,9.0,28,12.0,-34.12487,18.43276,13.8,5.0,1.0,5.0,1.0,9.5,1
2017.0,7.0,7,15.0,-33.01529,27.91162,24.0,3.1,1.5,6.0,3.0,12.0,1
2016.0,9.0,4,11.7,28.42,-80.59,28.6,1.0,1.0,5.0,1.0,9.5,0
2017.0,2.0,25,12.0,-23.1,113.75,25.8,6.7,1.0,5.0,1.0,9.5,1
2014.0,8.0,27,4.0,34.0,-77.4,27.0,9.0,1.0,5.0,1.0,9.5,0
2011.0,1.0,20,12.0,-28.8,153.7,26.3,9.8,0.5,1.0,1.0,9.5,0
2012.0,10.0,27,15.0,20.6539039,-156.4411031,26.4,4.1,1.0,5.0,1.0,9.5,1
2017.0,4.0,10,17.0,28.068399,-80.558423,23.5,6.7,1.0,5.0,1.0,9.5,1
2012.0,11.0,4,19.0,21.95,-159.36,27.0,5.0,1.0,5.0,1.0,9.5,0
2017.0,5.0,28,12.0,26.9341448,-80.0997362,28.5,5.0,1.0,5.0,1.0,9.5,1
2011.0,8.0,16,22.0,-17.5,-149.5,27.2,5.7,1.0,5.0,1.0,9.5,0
2014.0,7.0,20,12.0,28.5070446,-16.1893959,23.0,7.7,1.0,5.0,1.0,9.5,1
2014.0,9.0,13,11.85,36.6,-121.9,16.0,5.0,0.5,10.0,0.5,11.0,0
2017.0,3.0,18,11.5,36.7,-122.4,13.2,5.0,1.0,10.0,0.5,11.0,0
2013.0,8.0,25,17.0,29.1046962,-80.9416217,25.8,3.6,0.5,3.0,0.5,6.0,1
2015.0,5.0,3,4.0,-32.2,152.7,24.3,5.1,2.0,6.0,1.0,9.5,0
2017.0,6.0,17,12.0,38.89583572701,1.414275053786,26.0,3.1,0.0,1.0,0.5,1.0,1
2017.0,6.0,18,23.5,32.04,-80.9,28.3,5.1,1.0,5.0,1.0,9.5,0
2012.0,9.0,9,23.0,28.42,-80.59,28.2,4.6,1.0,5.0,1.0,9.5,0
2013.0,5.0,27,6.0,30.1,-81.0,25.0,7.2,3.0,6.0,3.0,6.0,0
2015.0,7.0,25,10.0,-42.67472,147.9775,25.8,7.2,1.0,5.0,1.0,9.5,1
2013.0,7.0,2,12.0,-38.454765047,144.987693038,13.4,7.7,1.0,5.0,1.0,9.5,1
2011.0,6.0,26,12.0,34.4710769,-77.4666599,25.8,6.0,1.0,5.0,1.0,9.5,1
2012.0,1.0,22,16.0,24.7,-75.5,25.1,4.1,0.5,1.0,1.5,3.0,0
2016.0,9.0,26,7.0,-29.7,153.7,23.5,5.7,1.0,5.0,1.0,9.5,0
2013.0,10.0,6,20.83,40.7,-124.6,16.2,3.0,1.5,14.0,1.5,14.0,0
2015.0,11.0,3,5.4,19.73,-155.06,26.9,2.1,1.0,5.0,1.0,9.5,0
2017.0,8.0,1,20.7,37.51,-122.21,23.4,4.6,1.0,5.0,1.0,9.5,0
2012.0,9.0,4,7.0,28.068399,-80.558423,25.8,4.6,1.0,5.0,1.0,9.5,1
2015.0,12.0,21,7.0,-33.889387797,151.272464529,25.0,5.1,1.0,5.0,1.5,6.0,1
2016.0,6.0,2,23.0,-22.63,167.06,24.7,5.0,1.0,5.0,1.0,9.5,0
2012.0,3.0,15,15.27,27.6,-80.2,23.4,5.0,1.0,9.0,0.5,11.0,0
2012.0,6.0,26,9.0,20.9448962,-156.6921331,24.6,4.1,1.0,5.0,1.0,9.5,1
2014.0,3.0,29,7.0,-32.8,115.4,21.5,16.5,1.0,5.0,1.0,9.5,0
2014.0,10.0,22,13.62,21.0,-156.4,26.9,5.0,1.5,7.0,1.0,11.0,0
2013.0,2.0,21,4.62,20.8,-157.0,24.3,5.0,1.0,3.0,0.5,15.0,0
2015.0,10.0,19,4.0,26.1,-80.0,29.0,14.4,1.0,5.0,1.0,9.5,0
2011.0,10.0,11,12.0,28.388229,-80.605878,26.2,3.1,1.0,5.0,1.0,9.5,1
2013.0,11.0,30,8.0,-33.6,151.6,22.0,11.8,1.0,5.0,1.0,9.5,0
2014.0,8.0,28,23.0,38.02,-74.91,24.0,4.4,1.0,5.0,1.0,9.5,0
2012.0,9.0,8,12.1,27.6,-80.2,26.7,5.0,0.5,10.0,1.0,13.0,0
2014.0,8.0,27,12.0,38.5369002,-0.1291231,25.0,12.3,1.0,5.0,1.0,9.5,1
2015.0,10.0,21,14.0,28.7021316,-80.6671512,25.1,5.7,1.0,5.0,1.0,9.5,1
2011.0,3.0,10,12.0,27.9158248,34.3262398,20.0,7.7,1.0,4.0,1.0,3.0,1
2015.0,6.0,25,12.0,-32.007488242,115.520328532,17.6,4.6,0.0,0.0,1.0,9.5,1
2013.0,10.0,10,19.0,30.21,-85.88,27.0,3.1,1.0,5.0,1.0,9.5,0
2015.0,7.0,27,0.0,-38.6,142.1,10.0,11.8,4.5,4.0,4.0,4.0,0
2013.0,9.0,14,15.0,30.3317477,-87.1410901,29.8,2.6,1.0,5.0,1.0,9.5,1
2012.0,4.0,19,12.0,-34.057022758786,18.629068102981,10.0,3.1,0.5,10.0,1.0,9.0,1
2011.0,6.0,21,17.83,30.1,-87.6,30.2,4.4,1.0,6.0,1.0,9.5,0
2012.0,3.0,6,10.0,-38.3,144.9,20.4,10.3,1.0,5.0,1.0,9.5,0
2017.0,4.0,20,8.0,33.412799839736,-79.299229379641,25.8,2.6,1.0,5.0,1.0,9.5,1
2016.0,5.0,29,16.0,33.606988443995,-117.874217169872,17.6,5.0,0.5,8.0,0.5,15.0,1
2012.0,6.0,22,16.0,27.186903,-80.160736,27.2,5.0,1.0,5.0,0.5,11.0,1
2015.0,6.0,19,12.0,18.023145822149,-67.185767947551,28.8,1.0,1.0,5.0,1.0,9.5,1
2013.0,1.0,25,11.0,-26.6,153.3,26.4,12.9,1.0,5.0,1.0,9.5,0
2014.0,11.0,8,4.0,27.9,-79.9,26.5,4.6,1.0,10.0,1.0,12.0,0
2011.0,12.0,26,8.0,16.9,-61.9,27.3,8.2,1.0,5.0,1.0,9.5,0
2016.0,12.0,1,12.0,-32.6,152.8,23.4,15.4,1.5,12.0,1.5,12.0,0
2013.0,3.0,31,19.0,-33.6,152.2,23.4,8.2,1.0,5.0,1.0,9.5,0
2015.0,9.0,20,15.0,20.13195,-155.79389,30.4,3.1,1.0,5.0,1.0,9.5,1
2012.0,5.0,23,15.0,30.325968,-81.65676,25.8,2.7,1.0,5.0,1.0,9.5,1
2012.0,4.0,1,12.0,26.44368,-82.10735,25.8,4.6,1.0,5.0,1.0,9.5,1
2011.0,6.0,12,14.0,26.94895,-80.07476,28.7,5.7,1.0,5.0,1.0,9.5,1
2011.0,5.0,22,12.0,19.647367,-155.99301,27.0,5.1,1.0,5.0,1.0,9.5,1
2015.0,12.0,22,16.8,20.04,-155.83,25.2,0.5,1.0,5.0,1.0,9.5,0
2014.0,4.0,4,13.0,29.029722,-80.9237495,23.1,3.1,1.0,5.0,1.0,9.5,1
2013.0,5.0,4,11.0,28.068399,-80.558423,25.0,2.6,1.0,5.0,1.0,9.5,1
2014.0,7.0,5,7.0,35.1063406,-120.6315547,16.2,3.6,1.0,5.0,1.0,9.5,1
2016.0,6.0,2,12.0,-22.2628044,166.4446442,24.7,5.0,1.0,5.0,1.0,9.5,1
2015.0,4.0,26,16.0,25.9354292,-81.7331285,25.8,1.5,1.0,5.0,1.0,9.5,1
2012.0,7.0,30,16.0,21.88942,-159.41242,27.1,5.0,1.0,5.0,1.0,9.5,1
2015.0,8.0,18,7.0,34.538263714677,-120.030793894701,20.8,5.0,1.0,5.0,1.0,9.5,1
2011.0,6.0,1,0.0,5.7,100.0,27.0,4.1,1.0,5.0,1.0,9.5,0
2014.0,12.0,3,19.0,36.2,-3.6,16.7,5.1,1.0,5.0,1.0,9.5,0
2015.0,5.0,7,9.33,28.5,-80.2,25.1,7.0,1.0,5.0,1.0,9.5,0
2011.0,10.0,2,23.0,27.76,-82.63,29.4,2.6,1.0,5.0,1.0,9.5,0
2015.0,3.0,21,12.0,25.068251,34.8898818,23.5,7.2,1.0,5.0,1.0,9.5,1
2015.0,8.0,18,10.17,34.3,-119.9,19.9,3.0,1.0,5.0,1.0,9.5,0
2013.0,6.0,18,12.0,19.7955984,-156.0213084,26.8,5.1,1.0,5.0,1.0,9.5,1
2011.0,12.0,23,19.0,29.2,-80.3,26.0,10.8,1.5,3.0,1.0,5.0,0
2012.0,12.0,19,18.0,-32.2,115.8,22.4,6.2,1.0,5.0,1.0,9.5,0
2014.0,3.0,18,0.0,-29.3,153.7,25.0,5.7,1.0,1.0,2.0,8.0,0
2012.0,10.0,30,12.0,40.741892,-124.210936,25.8,9.3,1.0,5.0,1.0,9.5,1
2017.0,6.0,7,12.0,50.2783,-3.8786,25.8,5.0,1.0,5.0,1.0,9.5,1
2012.0,7.0,7,8.0,36.963524,-121.964888,12.1,6.0,1.0,5.0,1.0,9.5,1
2017.0,4.0,13,19.6,30.39,-81.56,22.5,5.0,1.0,5.0,1.0,9.5,0
2014.0,8.0,29,12.0,29.0970105,-80.9357379,25.8,4.6,1.0,5.0,1.0,9.5,1
2017.0,4.0,10,23.35,28.4,-80.5,22.9,5.0,0.5,5.0,1.0,9.5,0
2011.0,5.0,4,12.0,-30.9820203,30.2705772,25.8,4.6,0.5,2.0,2.0,10.0,1
2012.0,9.0,2,12.0,20.9073269,-156.4066558,25.7,10.3,1.0,5.0,1.0,9.5,1
2012.0,3.0,20,17.0,-28.0607735,153.4413733,27.1,10.8,1.0,5.0,1.0,9.5,1
2017.0,4.0,14,9.4,21.95,-159.36,27.0,4.1,1.0,5.0,1.0,9.5,0
2011.0,7.0,7,17.0,28.45,-96.4,30.4,3.6,1.0,5.0,1.0,9.5,0
2015.0,11.0,7,18.67,28.4,-80.5,27.4,5.0,1.0,8.0,1.0,9.5,0
2013.0,5.0,27,12.0,21.592989,-158.10343,25.4,5.0,1.5,8.0,0.5,11.0,1
2017.0,3.0,19,18.0,-33.6979556,150.3087928,25.0,5.1,0.0,0.0,1.0,9.5,1
2015.0,12.0,26,12.0,-29.7,31.5,28.0,8.2,2.5,8.0,2.5,8.0,0
2016.0,6.0,5,2.0,-32.2,115.7,14.3,6.2,0.5,2.0,1.0,9.5,0
2015.0,2.0,8,6.0,-28.7,154.0,27.2,6.2,1.0,5.0,1.5,10.0,0
2011.0,3.0,29,12.0,28.6045189,-95.9676298,21.3,5.0,1.0,5.0,1.0,9.5,1
2013.0,12.0,10,16.83,28.5,-80.2,25.6,6.0,1.0,5.0,1.0,11.0,0
2011.0,5.0,7,6.0,25.3,56.6,28.0,1.5,1.0,5.0,1.0,9.5,0
2017.0,4.0,17,12.0,29.2070854,-81.0207257,25.8,5.0,1.0,5.0,1.0,9.5,1
2014.0,9.0,12,5.0,-17.2,-150.1,27.7,1.0,1.0,5.0,1.0,9.5,0
2011.0,4.0,8,12.77,-16.76,177.43,29.4,5.0,1.0,5.0,1.0,9.5,0
2016.0,6.0,14,4.2,29.36,-94.73,29.4,5.0,1.0,5.0,1.0,9.5,0
2013.0,10.0,28,12.0,-22.0984963,113.888643,24.6,5.0,1.0,5.0,1.0,9.5,1
2012.0,4.0,3,17.17,21.4,-157.7,24.1,5.0,1.5,10.0,1.0,12.0,0
2016.0,8.0,29,12.0,29.0,-80.2,30.0,7.7,1.5,3.0,1.0,9.5,0
2016.0,9.0,1,10.0,34.3,-120.3,16.2,6.7,1.0,5.0,1.0,9.5,0
2015.0,10.0,9,12.18,21.4,-157.7,27.5,5.0,1.5,10.0,0.5,11.0,0
2015.0,10.0,21,20.0,28.42,-80.59,25.4,5.1,1.0,5.0,1.0,9.5,0
2011.0,6.0,19,12.0,21.50705,-72.20133,25.8,12.3,1.0,5.0,1.0,9.5,1
2015.0,11.0,15,12.0,26.79372,-80.03288,28.0,10.3,1.0,5.0,3.0,8.0,1
2016.0,8.0,29,12.0,29.0,-80.2,30.0,7.7,1.5,3.0,1.0,9.5,0
2015.0,9.0,20,22.0,19.73,-155.06,26.4,2.6,1.0,5.0,1.0,9.5,0
2011.0,12.0,23,12.0,29.029722,-80.9237495,26.0,10.8,1.5,3.0,1.0,5.0,1
2013.0,4.0,14,6.0,-34.6,18.2,14.5,6.7,1.0,2.0,1.0,2.0,0
2012.0,7.0,7,19.0,-38.1,144.9,11.1,8.2,1.0,5.0,1.0,9.5,0
2017.0,1.0,3,3.0,-36.9,150.7,22.7,8.7,1.0,5.0,1.0,9.5,0
2015.0,7.0,8,23.12,33.5,-117.8,21.8,5.0,0.5,6.0,0.5,18.0,0
2015.0,4.0,3,23.0,26.61,-80.03,25.7,4.6,1.0,5.0,1.0,9.5,0
2014.0,8.0,29,18.0,28.42,-80.59,29.4,4.1,1.0,5.0,1.0,9.5,0
2017.0,1.0,22,4.85,28.4,-80.5,21.1,5.0,1.0,5.0,0.5,11.0,0
2013.0,9.0,1,12.0,29.852015,-81.267319,25.8,3.1,1.0,5.0,1.0,9.5,1
2011.0,10.0,20,14.83,44.6,-124.5,14.3,2.6,1.5,10.0,1.0,9.5,0
2013.0,8.0,29,20.42,33.9,-118.6,17.9,5.0,0.5,6.0,0.5,17.0,0
2012.0,1.0,18,12.0,22.6155427,121.0076274,23.8,5.0,1.0,5.0,1.0,9.5,1
2016.0,1.0,11,12.0,-26.806909512274,153.135244045821,26.6,6.2,1.0,5.0,1.0,9.5,1
2014.0,9.0,2,20.0,27.286106,-80.223526,30.4,5.0,1.0,5.0,1.0,9.5,1
2017.0,6.0,19,0.0,26.3,-79.9,29.0,5.1,0.5,5.0,1.0,9.5,0
2016.0,2.0,12,7.0,19.0,-68.3,26.0,6.2,1.0,2.0,1.0,3.0,0
2016.0,6.0,11,15.0,34.701134,-76.740173,24.9,5.0,1.0,5.0,1.0,9.5,1
2016.0,9.0,18,11.0,29.029722,-80.9237495,29.4,1.0,1.0,5.0,1.0,9.5,1
2014.0,8.0,2,12.0,28.278673,-80.606758,29.7,1.5,1.0,5.0,1.0,9.5,1
2013.0,10.0,24,10.0,-33.7,151.6,20.0,9.8,2.0,2.0,2.0,2.0,0
2015.0,6.0,13,12.0,32.71576,-117.1638173,19.9,5.0,1.0,5.0,1.0,9.5,1
2012.0,10.0,10,18.37,36.8,-122.0,14.8,2.0,1.0,5.0,1.0,9.5,0
2012.0,7.0,7,2.35,36.6,-121.9,13.8,5.0,0.5,10.0,0.5,11.0,0
2014.0,8.0,10,5.0,25.73,-80.16,31.0,4.1,1.0,5.0,1.0,9.5,0
2014.0,5.0,10,12.0,27.72475,-80.17977,24.4,5.0,1.0,5.0,1.0,9.5,1
2014.0,4.0,15,9.0,29.029722,-80.9237495,24.5,4.1,1.0,5.0,1.0,9.5,1
2013.0,4.0,24,13.0,21.04716,-86.781947,28.0,6.7,1.0,1.0,1.0,9.5,1
2016.0,4.0,7,12.0,26.942207558808,-80.080291407193,24.9,4.1,1.0,5.0,1.0,9.5,1
2014.0,7.0,12,23.03,33.91,-78.15,29.6,3.1,1.0,5.0,1.0,9.5,0
2011.0,6.0,1,12.0,6.05,100.03333,27.0,4.1,1.0,5.0,1.0,9.5,1
2012.0,9.0,10,0.0,-19.4,-174.6,26.3,3.6,1.0,5.0,1.0,9.5,0
2016.0,7.0,7,8.83,42.3,-70.7,16.3,5.0,0.5,8.0,0.5,8.0,0
2017.0,8.0,27,1.0,27.6,-80.2,26.1,5.0,0.5,9.0,1.0,9.5,0
2016.0,2.0,12,15.0,18.58182,-68.40431,26.0,6.2,1.0,2.0,1.0,3.0,1
2016.0,8.0,6,16.0,20.77024,-156.26816,27.0,5.1,1.0,5.0,1.0,9.5,1
2015.0,3.0,7,12.0,-17.58416,-142.6164,25.8,5.0,1.0,5.0,1.0,9.5,1
2011.0,6.0,24,13.0,33.3316612,-117.5039968,18.7,5.0,0.5,10.0,1.0,18.0,1
2015.0,3.0,18,11.0,19.9923,-155.8257,25.5,4.6,1.0,5.0,1.0,9.5,1
2014.0,10.0,2,7.98,34.5,-120.8,15.6,5.0,1.5,10.0,1.5,11.0,0
2013.0,4.0,17,10.0,26.5289113,-80.0641707,26.3,3.6,1.0,5.0,1.0,9.5,1
2014.0,11.0,17,12.0,37.14967,-122.36053,15.3,4.0,1.5,11.0,1.5,11.0,1
2016.0,2.0,22,8.0,-22.4,166.1,28.0,20.6,2.5,5.0,3.0,6.0,0
2017.0,4.0,29,9.0,-21.7,55.4,27.3,15.4,3.0,8.0,4.0,15.0,0
2015.0,5.0,9,0.0,-20.88,166.49,26.6,5.0,1.0,5.0,1.0,9.5,0
2014.0,4.0,4,13.0,29.029722,-80.9237495,23.1,3.1,1.0,5.0,1.0,9.5,1
2016.0,7.0,16,13.0,29.029722,-80.9237495,31.0,1.0,1.0,5.0,1.0,9.5,1
2013.0,6.0,17,19.0,28.91,-94.99,28.6,4.9,1.0,5.0,1.0,9.5,0
2014.0,10.0,3,22.83,34.3,-119.9,21.4,3.0,1.0,5.0,1.0,9.5,0
2011.0,8.0,24,12.0,35.2,-74.9,28.0,9.8,1.0,4.0,2.0,6.0,0
2014.0,6.0,1,12.0,-34.7731,150.8113,25.8,14.9,4.0,10.0,5.0,10.0,1
2015.0,9.0,5,14.0,34.0592787,-118.975156,22.6,5.0,0.5,10.0,1.0,18.0,1
2016.0,10.0,2,11.0,29.029722,-80.9237495,29.8,1.5,1.0,5.0,1.0,9.5,1
2012.0,2.0,20,12.0,-34.0731,18.56119,25.8,3.1,0.5,9.0,0.0,0.0,1
2011.0,5.0,10,12.0,25.775084,-80.194702,28.6,2.5,1.0,5.0,1.0,9.5,1
2015.0,9.0,29,18.9,29.8,-81.55,27.5,5.0,1.0,5.0,1.0,9.5,0
2012.0,1.0,18,16.0,-33.02048,151.70915,24.8,7.7,1.0,5.0,1.0,9.5,1
2014.0,3.0,18,17.0,-38.3,144.8,18.8,5.0,1.0,5.0,1.0,9.5,0
2014.0,4.0,4,9.0,28.42,-80.59,22.9,2.6,1.0,5.0,1.0,9.5,0
2015.0,9.0,6,14.37,33.9,-118.6,21.8,5.0,1.0,7.0,1.0,18.0,0
2014.0,6.0,9,1.0,38.97,-74.96,22.3,3.1,1.0,5.0,1.0,9.5,0
2014.0,7.0,20,3.0,28.8,-16.8,23.0,7.7,1.0,5.0,1.0,9.5,0
2014.0,10.0,5,2.0,28.42,-80.59,28.9,2.6,1.0,5.0,1.0,9.5,0
2017.0,7.0,29,15.0,32.215401,-80.747563,29.3,0.5,1.0,5.0,1.0,9.5,1
2011.0,10.0,9,21.0,-31.9,115.5,19.2,11.8,1.0,5.0,1.0,9.5,0
2014.0,8.0,31,12.0,28.42,-80.59,29.5,1.0,1.0,5.0,1.0,9.5,0
2013.0,8.0,13,15.0,20.9,-156.47,26.4,4.1,1.0,5.0,1.0,9.5,0
2016.0,7.0,15,12.0,33.8074384,-78.7152584,29.4,10.0,1.0,5.0,1.0,9.5,1
2017.0,8.0,10,12.83,31.4,-80.9,27.9,4.0,0.5,3.0,0.5,8.0,0
2013.0,3.0,12,0.0,18.5,-77.7,26.5,9.3,1.0,5.0,1.0,9.5,0
2014.0,10.0,29,10.0,-32.0,153.0,22.0,9.3,1.0,4.0,1.5,13.0,0
2016.0,7.0,14,12.0,25.04113018772,-77.295281932361,25.8,7.2,1.0,5.0,1.0,9.5,1
2016.0,2.0,19,16.0,-22.08333,166.75,26.0,8.7,1.0,3.0,1.0,3.0,1
2012.0,9.0,8,23.0,25.6,-79.9,29.0,5.7,1.0,5.0,1.0,9.5,0
2013.0,9.0,7,15.0,28.42,-80.59,28.9,1.5,1.0,5.0,1.0,9.5,0
2013.0,1.0,21,12.0,-26.8067549,153.1317768,27.2,5.7,1.0,5.0,1.0,9.5,1
2015.0,9.0,6,17.0,34.040330777847,-118.89204057495,21.8,5.0,1.0,5.0,1.0,18.0,1
2012.0,6.0,15,14.0,24.4,-81.3,31.0,2.6,0.5,2.0,1.0,9.5,0
2016.0,4.0,19,6.0,-29.5,153.7,28.0,7.7,0.5,5.0,2.5,9.0,0
2012.0,1.0,18,19.33,22.98,121.7,23.9,5.0,1.0,5.0,1.0,9.5,0
2016.0,9.0,5,8.13,33.8,-78.5,27.6,6.0,1.0,5.0,1.0,9.5,0
2012.0,10.0,18,12.0,28.8,-80.3,27.0,4.1,1.0,5.0,1.5,7.0,0
2011.0,8.0,15,12.0,33.68785,-78.883852,28.6,2.1,1.0,5.0,1.0,9.5,1
2016.0,5.0,22,12.0,27.638883,-80.38908,27.4,5.0,0.5,8.0,1.0,9.5,1
2012.0,3.0,24,14.0,29.029722,-80.9237495,25.0,4.6,1.0,5.0,1.0,9.5,1
2014.0,8.0,8,12.0,29.958559823056,-90.17922065479,28.5,5.0,1.0,5.0,1.0,9.5,1
2012.0,5.0,6,7.0,33.38336,-118.41758,25.8,5.7,1.0,5.0,1.0,9.5,1
2012.0,12.0,30,23.0,-34.3,151.5,20.3,7.7,1.0,5.0,1.0,9.5,0
2011.0,10.0,10,12.0,45.9930976,-123.920633,17.5,0.5,1.0,5.0,1.0,9.5,1
2015.0,5.0,9,12.0,-21.6710827,166.0721766,26.6,5.0,1.0,5.0,1.0,9.5,1
2012.0,1.0,13,19.0,44.63,-124.04,7.2,3.5,1.0,5.0,1.0,9.5,0
2015.0,10.0,17,4.05,21.3,-158.1,27.9,5.0,1.0,9.0,1.0,14.0,0
2015.0,6.0,11,12.0,33.900049282896,-78.061581994137,26.6,7.7,1.0,5.0,1.0,9.5,1
2016.0,2.0,19,19.0,-22.4,166.7,26.0,8.7,1.0,3.0,1.0,3.0,0
2016.0,6.0,4,12.0,29.58902,32.33597,27.0,5.0,1.0,5.0,1.0,9.5,1
2011.0,2.0,18,18.0,-21.05203,55.22571,28.4,8.2,1.0,5.0,1.0,9.5,1
2014.0,8.0,24,22.03,33.91,-78.15,29.1,4.6,1.0,5.0,1.0,9.5,0
2013.0,1.0,13,12.0,-36.61667,175.8,18.0,6.0,1.0,5.0,1.0,9.5,1
2016.0,8.0,4,12.0,29.029722,-80.9237495,29.3,3.6,1.0,5.0,1.0,9.5,1
2014.0,10.0,19,12.0,34.40244,-119.69932,25.8,1.0,1.0,5.0,1.0,9.5,1
2011.0,7.0,13,12.0,26.4,-79.0,30.0,6.7,2.0,5.0,1.5,3.0,0
2013.0,1.0,25,12.0,-26.364472458,152.894059898,26.4,12.9,1.0,5.0,1.0,9.5,1
2012.0,5.0,20,15.67,21.4,-157.7,24.5,5.0,1.5,8.0,0.5,11.0,0
2014.0,12.0,28,11.0,35.2639,-120.8622,15.1,5.0,0.5,10.0,0.5,14.0,1
2012.0,11.0,19,22.25,28.4,-80.5,20.5,5.0,1.0,10.0,0.5,11.0,0
2014.0,10.0,7,12.0,28.3921309,-80.597012,27.8,2.1,1.0,5.0,1.0,9.5,1
2014.0,7.0,21,16.0,28.4,-80.6,29.0,3.6,1.0,5.0,1.0,9.5,0
2014.0,3.0,18,12.0,-38.36808,144.28495,18.8,5.0,1.0,5.0,1.0,9.5,1
2017.0,3.0,27,10.0,29.029722,-80.9237495,22.8,3.6,1.0,5.0,1.0,9.5,1
2013.0,4.0,24,0.0,21.3,-86.5,28.0,6.7,1.0,1.0,1.0,9.5,0
2012.0,4.0,19,19.85,28.4,-80.5,24.1,5.0,0.5,5.0,0.5,14.0,0
2013.0,8.0,25,5.0,29.0,-80.3,28.0,4.6,1.0,5.0,1.0,9.5,0
2013.0,4.0,13,13.0,29.029722,-80.9237495,24.2,2.6,1.0,5.0,1.0,9.5,1
2012.0,3.0,24,6.0,28.42,-80.59,24.8,2.6,1.0,5.0,1.0,9.5,0
2016.0,10.0,1,14.5,28.42,-80.59,29.5,1.5,1.0,5.0,1.0,9.5,0
2014.0,9.0,12,12.0,-17.49291,-149.89705,27.7,2.1,1.0,5.0,1.0,9.5,1
2014.0,8.0,12,20.0,29.72,-84.98,30.1,4.6,1.0,5.0,1.0,9.5,0
2015.0,9.0,24,14.0,34.3,-119.9,22.4,5.0,1.0,5.0,1.0,9.5,0
2013.0,9.0,21,17.83,30.0,-80.5,28.8,2.0,1.0,11.0,1.0,11.0,0
2015.0,11.0,16,9.0,28.42,-80.59,25.5,4.1,1.0,5.0,1.0,9.5,0
2015.0,8.0,22,14.83,28.5,-80.2,30.2,4.0,0.5,9.0,0.5,9.0,0
2017.0,2.0,11,21.35,28.4,-80.5,21.9,5.0,0.5,10.0,0.5,11.0,0
2017.0,6.0,10,12.0,-38.5,144.7,15.2,6.2,1.0,5.0,1.0,9.5,0
2016.0,6.0,23,13.0,-35.27,21.0,16.1,5.0,1.0,5.0,1.0,9.5,0
2012.0,12.0,28,16.0,-31.7,153.1,25.0,13.9,5.0,4.0,5.0,5.0,0
2016.0,7.0,23,18.0,27.2,-76.8,26.6,8.7,2.0,8.0,2.0,8.0,0
2012.0,12.0,25,12.0,-31.62291,29.54477,26.0,16.5,3.5,5.0,3.5,6.0,1
2016.0,11.0,14,2.15,21.0,-156.4,25.9,5.0,1.0,10.0,1.0,12.0,0
2017.0,6.0,18,12.0,32.1940212,-80.697698,28.3,5.1,1.0,5.0,1.0,9.5,1
2015.0,2.0,8,6.0,-28.718553516768,153.611916298523,27.2,6.2,1.0,5.0,1.5,10.0,1
2016.0,9.0,18,15.0,28.42,-80.59,29.3,1.0,1.0,5.0,1.0,9.5,0
2013.0,7.0,17,12.0,29.7927,-81.2593,25.8,5.1,1.0,5.0,1.0,9.5,1
2016.0,3.0,28,14.0,27.07,-82.45,24.0,4.6,1.0,5.0,1.0,9.5,0
2013.0,9.0,2,10.83,30.0,-80.5,27.2,5.0,0.5,4.0,0.5,9.0,0
2012.0,8.0,31,12.0,56.667265224,-6.278532964,25.8,5.0,1.0,5.0,1.0,9.5,1
2015.0,7.0,4,12.0,26.5210127,-78.7701719,25.8,4.1,1.0,5.0,1.0,9.5,1
2017.0,6.0,2,11.0,25.8,-77.3,28.0,10.3,3.0,6.0,1.0,9.5,0
2015.0,11.0,7,11.0,28.12302,-80.57537,26.6,5.0,0.5,8.0,1.0,9.5,1
2015.0,1.0,19,0.3,29.72,-84.98,12.2,0.5,1.0,5.0,1.0,9.5,0
2017.0,4.0,29,20.97,33.2,-117.4,16.3,5.0,1.0,10.0,0.5,20.0,0
2012.0,1.0,3,10.0,-33.6,151.8,23.0,17.0,3.0,4.0,1.0,9.5,0
2013.0,8.0,5,22.0,26.65,-81.87,31.5,4.6,1.0,5.0,1.0,9.5,0
2017.0,8.0,3,23.0,41.54928,-70.55475,25.8,5.0,1.0,5.0,1.0,9.5,1
2011.0,9.0,4,13.0,-33.5435704,115.033001,25.8,9.3,1.0,5.0,1.0,9.5,1
2014.0,10.0,3,22.83,34.3,-119.9,21.4,3.0,1.0,5.0,1.0,9.5,0
2015.0,4.0,29,19.0,20.9,-156.47,25.0,10.3,1.0,5.0,1.0,9.5,0
2014.0,10.0,3,14.0,34.538263714677,-120.030793894701,20.1,3.0,1.0,5.0,1.0,9.5,1
2011.0,9.0,24,3.0,33.66,-78.92,25.4,3.1,1.0,5.0,1.0,9.5,0
2013.0,4.0,13,15.0,28.42,-80.59,23.5,3.6,1.0,5.0,1.0,9.5,0
2014.0,7.0,14,6.0,30.4,-87.21,29.8,3.1,1.0,5.0,1.0,9.5,0
2017.0,7.0,31,9.5,30.68,-81.47,26.4,3.6,1.0,5.0,1.0,9.5,0
2011.0,8.0,23,9.0,-34.04731,23.38022,19.2,13.9,1.0,5.0,1.0,9.5,1
2012.0,5.0,9,1.25,28.4,-80.5,25.3,5.0,0.5,10.0,1.0,9.5,0
2015.0,6.0,7,16.83,28.5,-80.2,27.5,4.0,0.5,8.0,0.5,8.0,0
2012.0,7.0,19,19.0,49.3,-123.7,20.0,1.0,0.0,3.0,1.0,9.5,0
2012.0,10.0,23,11.0,34.6389191,-120.4689032,25.8,5.7,1.0,5.0,1.0,9.5,1
2017.0,5.0,28,0.0,26.61,-80.03,28.6,5.0,1.0,5.0,1.0,9.5,0
2013.0,2.0,1,12.0,17.96667,-76.8,28.0,4.6,0.5,99.0,2.0,7.0,1
2012.0,7.0,8,17.0,34.4710769,-77.4666599,27.6,5.0,1.0,6.0,1.0,9.5,1
2013.0,2.0,1,18.0,17.5,-77.1,25.0,5.1,1.0,5.0,2.0,5.0,0
2015.0,6.0,13,17.1,32.9,-117.4,18.4,5.0,0.5,9.0,0.5,13.0,0
2015.0,11.0,15,0.0,26.8,-79.7,31.4,10.3,2.0,6.0,3.0,8.0,0
2016.0,4.0,7,20.0,26.61,-80.03,25.5,4.1,1.0,5.0,1.0,9.5,0
2014.0,5.0,4,12.0,-34.1934,18.43585,25.8,14.4,4.0,14.0,1.0,9.5,1
2015.0,6.0,30,12.0,-35.3407,150.4776,19.9,5.0,1.0,5.0,1.0,9.5,1
2011.0,9.0,24,22.0,27.76,-82.63,31.3,2.6,1.0,5.0,1.0,9.5,0
2011.0,7.0,22,10.0,-33.01529,27.91162,20.6,7.7,1.5,4.0,1.0,9.5,1
2013.0,5.0,27,0.15,21.3,-158.1,26.1,5.0,1.0,6.0,0.5,13.0,0
2012.0,9.0,2,16.0,29.029722,-80.9237495,28.3,1.5,1.0,5.0,1.0,9.5,1
2017.0,7.0,27,12.0,25.10592,-77.15132,29.0,9.3,1.0,5.0,1.0,9.5,1
2013.0,9.0,25,10.0,30.1852107,-85.7308328,28.5,1.0,1.0,5.0,1.0,9.5,1
2013.0,11.0,22,10.0,44.883959,-124.034901,9.8,9.3,1.0,5.0,1.0,9.5,1
2016.0,9.0,4,12.0,29.029722,-80.9237495,29.0,4.6,1.0,5.0,1.0,9.5,1
2011.0,1.0,31,12.0,21.164100412,-86.871082763,24.6,4.6,0.5,2.0,1.5,6.0,1
2013.0,4.0,17,15.0,25.73,-80.16,27.2,7.2,1.0,5.0,1.0,9.5,0
2014.0,4.0,15,9.0,28.42,-80.59,24.5,3.6,1.0,5.0,1.0,9.5,0
2012.0,7.0,19,12.0,49.261636,-123.11335,18.5,3.0,0.0,4.0,1.0,9.5,1
2012.0,8.0,8,16.0,25.130026,-80.405962,31.2,5.0,1.0,5.0,1.0,9.5,1
2011.0,5.0,13,6.0,29.2774764,-81.0417589,25.8,1.0,1.0,5.0,1.0,9.5,1
2015.0,11.0,10,12.0,-29.6,153.8,26.0,5.7,1.5,1.0,1.5,1.0,0
2015.0,7.0,23,12.0,32.8419914,-117.2730168,22.8,1.5,1.0,5.0,1.0,9.5,1
2017.0,8.0,29,10.0,-38.56716,143.96914,12.7,9.8,1.0,5.0,1.0,9.5,1
2015.0,10.0,19,13.0,26.3205843,-80.0997809,29.1,10.8,1.0,5.0,1.0,9.5,1
2016.0,1.0,24,0.0,25.3,56.5,24.0,1.5,1.0,5.0,1.0,9.5,0
2012.0,6.0,20,7.0,-31.7789,115.7326,22.3,5.0,1.0,5.0,1.0,9.5,1
2012.0,2.0,26,0.0,27.0,-79.3,25.0,17.5,3.5,6.0,1.0,9.5,0
2015.0,10.0,17,4.05,21.3,-158.1,27.9,5.0,1.0,9.0,1.0,14.0,0
2016.0,3.0,31,13.25,20.8,-157.0,25.1,5.0,1.0,10.0,1.5,14.0,0
2016.0,12.0,1,9.0,-32.2485946,152.5377067,23.4,15.4,1.5,12.0,1.5,12.0,1
2012.0,8.0,8,1.0,25.03,-80.68,31.6,5.0,1.0,5.0,1.0,9.5,0
2013.0,4.0,28,12.0,-30.169989952,153.185134141,26.0,7.7,1.0,4.0,1.0,4.0,1
2012.0,12.0,31,1.1,27.6,-80.2,22.6,5.0,1.5,6.0,0.5,11.0,0
2017.0,2.0,24,12.0,-32.58244,115.66199,21.9,10.3,2.0,3.0,4.0,7.0,1
2014.0,9.0,3,21.83,42.3,-70.7,20.6,2.0,0.5,6.0,1.0,9.5,0
2012.0,5.0,29,9.0,18.0049,-101.98163,29.0,6.0,0.5,5.0,1.5,7.0,1
2015.0,6.0,14,5.18,33.7,-78.0,26.9,5.0,1.0,5.0,0.5,11.0,0
2014.0,5.0,13,11.0,30.2881812,-81.3920144,25.8,5.0,1.0,5.0,1.0,9.5,1
2017.0,5.0,30,12.0,32.990128,-79.644251,25.6,3.0,1.0,5.0,1.0,9.5,1
2014.0,7.0,13,6.0,26.4,-78.8,29.7,8.7,1.0,5.0,1.0,9.5,0
2014.0,9.0,6,13.0,30.2552219,-88.1126401,25.8,1.0,1.0,5.0,1.0,9.5,1
2016.0,5.0,29,3.8,30.19,-81.69,27.6,2.6,1.0,5.0,1.0,9.5,0
2013.0,4.0,28,0.0,-30.6,153.4,26.0,7.7,1.0,4.0,1.0,4.0,0
2016.0,9.0,1,12.0,34.460859,-120.07392,21.9,3.1,1.0,5.0,1.0,9.5,1
2017.0,7.0,27,6.0,25.6,-77.4,29.0,9.3,1.0,5.0,1.0,9.5,0
2015.0,4.0,13,15.0,24.56,-81.81,27.8,5.0,1.0,5.0,1.0,9.5,0
2013.0,11.0,7,4.1,27.6,-80.2,25.2,5.0,1.5,10.0,0.5,11.0,0
2016.0,11.0,14,10.0,20.7222,-156.4479,26.0,2.1,1.0,5.0,1.0,9.5,1
2017.0,1.0,13,12.0,27.2444691,-80.2252736,23.3,5.0,1.0,8.0,0.5,14.0,1
2016.0,2.0,10,8.0,19.2,-80.6,26.3,12.3,1.0,3.0,1.5,5.0,0
2015.0,7.0,10,8.0,33.659775,-117.999313,18.4,5.0,0.5,10.0,0.5,17.0,1
2016.0,12.0,6,0.0,-36.8,150.2,22.1,7.7,1.0,3.0,1.0,9.5,0
2012.0,9.0,6,11.0,29.852015,-81.267319,25.8,3.1,1.0,5.0,1.0,9.5,1
2017.0,2.0,24,12.0,-31.9,115.6,21.9,10.3,2.0,3.0,4.0,7.0,0
2016.0,6.0,5,11.0,-31.688651821,115.707580271,25.8,4.6,1.0,5.0,1.0,9.5,1
2013.0,1.0,13,12.0,-36.8,176.1,18.0,6.0,1.0,5.0,1.0,9.5,0
2015.0,1.0,17,13.0,-33.05159,151.66805,25.0,7.2,1.0,5.0,1.0,9.5,1
2014.0,1.0,1,12.0,-46.898518146,168.124291069,14.0,10.3,1.0,2.0,2.0,5.0,1
2017.0,7.0,20,12.0,32.215401,-80.747563,29.7,1.5,1.0,5.0,1.0,9.5,1
2014.0,11.0,16,13.0,28.152451,-80.590172,21.6,5.0,0.5,8.0,1.0,9.5,1
2011.0,3.0,10,12.0,-28.646118,153.631348,25.8,5.1,1.5,7.0,2.5,9.0,1
2017.0,4.0,2,15.0,30.3936755,-86.4956633,23.1,6.2,1.0,5.0,1.0,9.5,1
2014.0,10.0,7,17.83,28.5,-80.2,28.9,1.0,0.5,11.0,0.5,11.0,0
2013.0,10.0,24,18.0,-33.7228902,151.2990401,20.0,9.8,2.0,2.0,2.0,2.0,1
2013.0,7.0,30,6.0,32.5,-79.0,27.0,5.1,0.0,0.0,0.0,0.0,0
2013.0,7.0,2,17.0,-38.5,144.7,14.4,15.4,1.0,5.0,1.0,9.5,0
2014.0,8.0,27,4.0,38.7,0.4,25.0,12.3,1.0,5.0,1.0,9.5,0
2015.0,7.0,27,12.0,-38.218595687,141.796191537,9.9,5.0,1.0,5.0,1.0,9.5,1
2016.0,6.0,4,1.0,28.9,32.8,25.0,3.6,1.0,5.0,1.0,9.5,0
2015.0,1.0,27,2.12,21.0,-156.4,24.6,5.0,2.0,8.0,1.5,13.0,0
2014.0,7.0,16,15.0,20.8,-157.0,26.2,5.0,0.5,8.0,1.0,15.0,0
2017.0,7.0,29,12.0,33.368223,-79.170601,25.8,4.1,1.0,5.0,1.0,9.5,1
2014.0,8.0,5,4.83,28.5,-80.2,27.3,8.0,1.0,5.0,1.5,12.0,0
2013.0,9.0,1,1.0,30.4,-81.43,28.8,1.5,1.0,5.0,1.0,9.5,0
2012.0,6.0,14,12.0,33.68785,-78.883852,25.8,5.0,1.0,5.0,1.0,9.5,1
2016.0,10.0,30,23.4,30.67,-81.47,24.4,5.0,1.0,5.0,1.0,9.5,0
2014.0,9.0,13,18.0,36.9097687,-121.8481123,17.1,5.0,0.5,10.0,0.5,11.0,1
2014.0,6.0,9,18.0,-35.2,138.1,15.2,5.0,1.0,5.0,0.5,1.0,0
2016.0,1.0,28,3.5,21.95,-159.36,25.6,1.5,1.0,5.0,1.0,9.5,0
2013.0,4.0,2,12.0,-31.943841237,115.860522474,21.5,7.2,1.0,5.0,1.0,9.5,1
2014.0,3.0,29,13.0,-32.631482007,115.633989099,21.6,10.3,1.0,5.0,1.0,9.5,1
2016.0,6.0,21,14.0,28.1831466,-80.5913689,28.4,5.0,1.0,10.0,1.0,9.5,1
2011.0,9.0,20,15.0,22.04942,-159.53099,27.7,6.7,1.0,5.0,1.0,9.5,1
2011.0,11.0,28,20.0,-27.4,153.2,26.8,8.2,1.0,5.0,1.0,9.5,0
2017.0,1.0,22,14.0,27.638883,-80.38908,24.6,5.0,1.0,4.0,0.5,11.0,1
2012.0,9.0,4,1.0,28.4,-80.6,27.0,2.1,1.0,5.0,1.0,9.5,0
2016.0,12.0,27,17.0,27.5385001,-80.3158739,22.9,5.0,1.5,6.0,1.0,9.5,1
2012.0,8.0,4,0.0,-15.4,-147.2,29.7,7.7,1.0,5.0,1.0,9.5,0
2014.0,4.0,22,15.0,28.320224,-80.608867,22.6,2.1,1.0,5.0,1.0,9.5,1
2016.0,7.0,27,16.8,24.56,-81.81,30.5,5.1,1.0,5.0,1.0,9.5,0
2015.0,8.0,20,23.98,32.8,-78.9,28.7,5.7,1.0,5.0,1.0,9.5,0
2014.0,7.0,13,12.0,26.68711,-78.97702,25.8,4.1,1.0,5.0,1.0,9.5,1
2016.0,6.0,27,16.0,32.762889,-79.83623,28.7,4.1,1.0,5.0,1.0,9.5,1
2013.0,6.0,14,12.0,33.68785,-78.883852,25.4,5.1,1.0,5.0,1.0,9.5,1
2015.0,11.0,1,14.0,28.320224,-80.608867,26.3,1.5,1.0,5.0,1.0,9.5,1
2013.0,6.0,14,0.28,33.91,-78.15,27.5,10.3,1.0,5.0,1.0,9.5,0
2013.0,10.0,31,14.0,21.2,-156.3,27.0,8.7,1.0,5.0,1.0,9.5,0
2015.0,8.0,22,6.0,-33.7,151.6,20.5,11.3,1.5,7.0,1.5,7.0,0
2012.0,1.0,27,2.58,20.66,-157.17,24.6,5.0,1.0,5.0,1.0,9.5,0
2016.0,12.0,11,11.0,28.42,-80.59,21.4,4.1,1.0,5.0,1.0,9.5,0
